{
 "type": "Feature",
 "id": "24E124136E106684",
 "geometry": {
  "type": "Point",
  "coordinates": [
   24.9713103,
   60.1924497
  ]
 },
 "properties": {
  "project": "KYMP",
  "installationDate": "2025-07-24",
  "street": "El\u00e4inl\u00e4\u00e4k\u00e4rinkatu",
  "postalcode": null,
  "city": "Helsinki",
  "district": "Hermanni",
  "sunExposure": null,
  "solarShielding": null,
  "heightFromGround": null,
  "mountingType": "metal pole",
  "terrain": null,
  "groundCover": "asphalt/50, grass/50",
  "landUse": null,
  "buildingDensity": null,
  "LCZ": null,
  "LCZ long": null,
  "Kuvaus": null,
  "fid": null,
  "Tyyppi": null,
  "Huomiot": null,
  "Kiinnitystapa": null,
  "Sensori": null,
  "measurement": {
   "time": "2026-02-03T12:34:34.619000+02:00",
   "humidity": 73.5,
   "temperature": -9.5
  },
  "data": {
   "raw": [
    {
     "time": "2026-01-27T10:44:21.918000+00:00",
     "humidity": 88.5,
     "temperature": -7.4
    },
    {
     "time": "2026-01-27T10:54:21.960000+00:00",
     "humidity": 88.0,
     "temperature": -7.4
    },
    {
     "time": "2026-01-27T11:04:22.077000+00:00",
     "humidity": 88.5,
     "temperature": -7.5
    },
    {
     "time": "2026-01-27T11:14:21.938000+00:00",
     "humidity": 88.0,
     "temperature": -7.3
    },
    {
     "time": "2026-01-27T11:24:21.776000+00:00",
     "humidity": 88.0,
     "temperature": -7.2
    },
    {
     "time": "2026-01-27T11:34:21.877000+00:00",
     "humidity": 88.0,
     "temperature": -7.2
    },
    {
     "time": "2026-01-27T11:44:21.857000+00:00",
     "humidity": 88.0,
     "temperature": -7.3
    },
    {
     "time": "2026-01-27T11:54:21.934000+00:00",
     "humidity": 89.0,
     "temperature": -7.4
    },
    {
     "time": "2026-01-27T12:04:21.890000+00:00",
     "humidity": 89.5,
     "temperature": -7.5
    },
    {
     "time": "2026-01-27T12:14:21.914000+00:00",
     "humidity": 89.0,
     "temperature": -7.5
    },
    {
     "time": "2026-01-27T12:24:21.792000+00:00",
     "humidity": 89.0,
     "temperature": -7.4
    },
    {
     "time": "2026-01-27T12:34:21.911000+00:00",
     "humidity": 89.5,
     "temperature": -7.5
    },
    {
     "time": "2026-01-27T12:44:21.939000+00:00",
     "humidity": 89.0,
     "temperature": -7.7
    },
    {
     "time": "2026-01-27T12:54:21.959000+00:00",
     "humidity": 89.0,
     "temperature": -7.6
    },
    {
     "time": "2026-01-27T13:04:21.831000+00:00",
     "humidity": 89.5,
     "temperature": -7.7
    },
    {
     "time": "2026-01-27T13:14:21.957000+00:00",
     "humidity": 90.0,
     "temperature": -7.9
    },
    {
     "time": "2026-01-27T13:24:21.978000+00:00",
     "humidity": 90.0,
     "temperature": -7.9
    },
    {
     "time": "2026-01-27T13:34:22.038000+00:00",
     "humidity": 90.0,
     "temperature": -8.0
    },
    {
     "time": "2026-01-27T13:44:22.070000+00:00",
     "humidity": 90.5,
     "temperature": -7.9
    },
    {
     "time": "2026-01-27T13:54:21.989000+00:00",
     "humidity": 91.0,
     "temperature": -8.1
    },
    {
     "time": "2026-01-27T14:04:22.005000+00:00",
     "humidity": 91.5,
     "temperature": -8.2
    },
    {
     "time": "2026-01-27T14:14:21.862000+00:00",
     "humidity": 92.0,
     "temperature": -8.3
    },
    {
     "time": "2026-01-27T14:24:22.001000+00:00",
     "humidity": 92.5,
     "temperature": -8.3
    },
    {
     "time": "2026-01-27T14:34:22.116000+00:00",
     "humidity": 92.5,
     "temperature": -8.4
    },
    {
     "time": "2026-01-27T14:44:22.173000+00:00",
     "humidity": 93.0,
     "temperature": -8.4
    },
    {
     "time": "2026-01-27T14:54:21.977000+00:00",
     "humidity": 93.0,
     "temperature": -8.5
    },
    {
     "time": "2026-01-27T15:04:22.091000+00:00",
     "humidity": 93.0,
     "temperature": -8.5
    },
    {
     "time": "2026-01-27T15:14:22.124000+00:00",
     "humidity": 93.0,
     "temperature": -8.7
    },
    {
     "time": "2026-01-27T15:24:22.179000+00:00",
     "humidity": 93.5,
     "temperature": -8.7
    },
    {
     "time": "2026-01-27T15:34:22.054000+00:00",
     "humidity": 93.5,
     "temperature": -8.7
    },
    {
     "time": "2026-01-27T15:44:22.014000+00:00",
     "humidity": 93.5,
     "temperature": -8.7
    },
    {
     "time": "2026-01-27T15:54:22.030000+00:00",
     "humidity": 93.5,
     "temperature": -8.7
    },
    {
     "time": "2026-01-27T16:04:22.071000+00:00",
     "humidity": 93.5,
     "temperature": -8.7
    },
    {
     "time": "2026-01-27T16:14:22.038000+00:00",
     "humidity": 94.0,
     "temperature": -8.7
    },
    {
     "time": "2026-01-27T16:24:21.971000+00:00",
     "humidity": 93.5,
     "temperature": -8.7
    },
    {
     "time": "2026-01-27T16:34:22.110000+00:00",
     "humidity": 93.5,
     "temperature": -8.8
    },
    {
     "time": "2026-01-27T16:44:21.985000+00:00",
     "humidity": 93.5,
     "temperature": -8.9
    },
    {
     "time": "2026-01-27T16:54:22.104000+00:00",
     "humidity": 94.0,
     "temperature": -8.9
    },
    {
     "time": "2026-01-27T17:04:22.128000+00:00",
     "humidity": 94.0,
     "temperature": -8.9
    },
    {
     "time": "2026-01-27T17:14:22.111000+00:00",
     "humidity": 94.0,
     "temperature": -8.9
    },
    {
     "time": "2026-01-27T17:24:22.135000+00:00",
     "humidity": 94.0,
     "temperature": -9.0
    },
    {
     "time": "2026-01-27T17:34:22.114000+00:00",
     "humidity": 94.0,
     "temperature": -9.1
    },
    {
     "time": "2026-01-27T17:44:22.196000+00:00",
     "humidity": 94.0,
     "temperature": -9.2
    },
    {
     "time": "2026-01-27T17:54:22.066000+00:00",
     "humidity": 94.5,
     "temperature": -9.2
    },
    {
     "time": "2026-01-27T18:04:22.131000+00:00",
     "humidity": 94.5,
     "temperature": -9.1
    },
    {
     "time": "2026-01-27T18:14:22.140000+00:00",
     "humidity": 94.5,
     "temperature": -9.2
    },
    {
     "time": "2026-01-27T18:24:22.310000+00:00",
     "humidity": 94.5,
     "temperature": -9.2
    },
    {
     "time": "2026-01-27T18:34:22.149000+00:00",
     "humidity": 94.5,
     "temperature": -9.1
    },
    {
     "time": "2026-01-27T18:44:22.200000+00:00",
     "humidity": 94.0,
     "temperature": -9.1
    },
    {
     "time": "2026-01-27T18:54:22.137000+00:00",
     "humidity": 94.0,
     "temperature": -9.4
    },
    {
     "time": "2026-01-27T19:04:22.031000+00:00",
     "humidity": 94.0,
     "temperature": -9.3
    },
    {
     "time": "2026-01-27T19:14:22.231000+00:00",
     "humidity": 94.0,
     "temperature": -9.3
    },
    {
     "time": "2026-01-27T19:24:22.198000+00:00",
     "humidity": 94.0,
     "temperature": -9.5
    },
    {
     "time": "2026-01-27T19:34:22.237000+00:00",
     "humidity": 93.5,
     "temperature": -9.6
    },
    {
     "time": "2026-01-27T19:44:22.211000+00:00",
     "humidity": 94.0,
     "temperature": -9.7
    },
    {
     "time": "2026-01-27T19:54:22.320000+00:00",
     "humidity": 94.0,
     "temperature": -9.9
    },
    {
     "time": "2026-01-27T20:04:22.275000+00:00",
     "humidity": 94.0,
     "temperature": -9.7
    },
    {
     "time": "2026-01-27T20:14:22.269000+00:00",
     "humidity": 93.5,
     "temperature": -9.7
    },
    {
     "time": "2026-01-27T20:24:22.206000+00:00",
     "humidity": 93.5,
     "temperature": -10.0
    },
    {
     "time": "2026-01-27T20:34:22.272000+00:00",
     "humidity": 93.5,
     "temperature": -10.3
    },
    {
     "time": "2026-01-27T20:44:22.242000+00:00",
     "humidity": 93.5,
     "temperature": -10.3
    },
    {
     "time": "2026-01-27T20:54:22.300000+00:00",
     "humidity": 93.5,
     "temperature": -10.4
    },
    {
     "time": "2026-01-27T21:04:22.249000+00:00",
     "humidity": 94.0,
     "temperature": -10.5
    },
    {
     "time": "2026-01-27T21:14:22.330000+00:00",
     "humidity": 94.0,
     "temperature": -10.5
    },
    {
     "time": "2026-01-27T21:24:22.161000+00:00",
     "humidity": 94.0,
     "temperature": -10.5
    },
    {
     "time": "2026-01-27T21:34:22.272000+00:00",
     "humidity": 93.5,
     "temperature": -10.5
    },
    {
     "time": "2026-01-27T21:44:22.270000+00:00",
     "humidity": 93.5,
     "temperature": -10.6
    },
    {
     "time": "2026-01-27T21:54:22.289000+00:00",
     "humidity": 93.5,
     "temperature": -10.6
    },
    {
     "time": "2026-01-27T22:04:22.311000+00:00",
     "humidity": 93.5,
     "temperature": -10.7
    },
    {
     "time": "2026-01-27T22:14:22.270000+00:00",
     "humidity": 93.5,
     "temperature": -10.7
    },
    {
     "time": "2026-01-27T22:24:22.212000+00:00",
     "humidity": 93.5,
     "temperature": -10.7
    },
    {
     "time": "2026-01-27T22:34:22.310000+00:00",
     "humidity": 93.0,
     "temperature": -10.7
    },
    {
     "time": "2026-01-27T22:44:22.334000+00:00",
     "humidity": 93.0,
     "temperature": -11.0
    },
    {
     "time": "2026-01-27T22:54:22.376000+00:00",
     "humidity": 93.0,
     "temperature": -11.0
    },
    {
     "time": "2026-01-27T23:04:22.364000+00:00",
     "humidity": 93.0,
     "temperature": -11.1
    },
    {
     "time": "2026-01-27T23:14:22.348000+00:00",
     "humidity": 93.0,
     "temperature": -11.1
    },
    {
     "time": "2026-01-27T23:24:22.292000+00:00",
     "humidity": 92.5,
     "temperature": -11.2
    },
    {
     "time": "2026-01-27T23:34:22.653000+00:00",
     "humidity": 92.5,
     "temperature": -11.4
    },
    {
     "time": "2026-01-27T23:44:22.386000+00:00",
     "humidity": 92.5,
     "temperature": -11.3
    },
    {
     "time": "2026-01-27T23:54:22.461000+00:00",
     "humidity": 92.5,
     "temperature": -11.7
    },
    {
     "time": "2026-01-28T00:04:22.410000+00:00",
     "humidity": 92.5,
     "temperature": -11.8
    },
    {
     "time": "2026-01-28T00:14:22.432000+00:00",
     "humidity": 92.5,
     "temperature": -11.9
    },
    {
     "time": "2026-01-28T00:24:22.465000+00:00",
     "humidity": 92.5,
     "temperature": -11.8
    },
    {
     "time": "2026-01-28T00:34:22.431000+00:00",
     "humidity": 92.5,
     "temperature": -12.0
    },
    {
     "time": "2026-01-28T00:44:22.473000+00:00",
     "humidity": 92.0,
     "temperature": -12.1
    },
    {
     "time": "2026-01-28T00:54:22.451000+00:00",
     "humidity": 92.5,
     "temperature": -12.2
    },
    {
     "time": "2026-01-28T01:04:22.571000+00:00",
     "humidity": 92.5,
     "temperature": -12.2
    },
    {
     "time": "2026-01-28T01:14:22.448000+00:00",
     "humidity": 92.5,
     "temperature": -12.2
    },
    {
     "time": "2026-01-28T01:24:22.537000+00:00",
     "humidity": 92.5,
     "temperature": -12.2
    },
    {
     "time": "2026-01-28T01:34:22.445000+00:00",
     "humidity": 93.0,
     "temperature": -12.1
    },
    {
     "time": "2026-01-28T01:44:22.570000+00:00",
     "humidity": 93.0,
     "temperature": -12.1
    },
    {
     "time": "2026-01-28T01:54:22.551000+00:00",
     "humidity": 93.0,
     "temperature": -12.2
    },
    {
     "time": "2026-01-28T02:04:22.535000+00:00",
     "humidity": 93.0,
     "temperature": -12.0
    },
    {
     "time": "2026-01-28T02:14:22.584000+00:00",
     "humidity": 93.0,
     "temperature": -12.1
    },
    {
     "time": "2026-01-28T02:24:22.484000+00:00",
     "humidity": 93.0,
     "temperature": -12.0
    },
    {
     "time": "2026-01-28T02:34:22.630000+00:00",
     "humidity": 93.0,
     "temperature": -12.0
    },
    {
     "time": "2026-01-28T02:44:22.524000+00:00",
     "humidity": 93.0,
     "temperature": -11.9
    },
    {
     "time": "2026-01-28T02:54:22.518000+00:00",
     "humidity": 92.5,
     "temperature": -12.0
    },
    {
     "time": "2026-01-28T03:04:22.600000+00:00",
     "humidity": 92.5,
     "temperature": -12.0
    },
    {
     "time": "2026-01-28T03:14:22.577000+00:00",
     "humidity": 92.5,
     "temperature": -12.0
    },
    {
     "time": "2026-01-28T03:24:22.630000+00:00",
     "humidity": 92.0,
     "temperature": -12.1
    },
    {
     "time": "2026-01-28T03:34:22.625000+00:00",
     "humidity": 92.0,
     "temperature": -12.1
    },
    {
     "time": "2026-01-28T03:44:22.633000+00:00",
     "humidity": 92.0,
     "temperature": -12.2
    },
    {
     "time": "2026-01-28T03:54:22.752000+00:00",
     "humidity": 92.0,
     "temperature": -12.2
    },
    {
     "time": "2026-01-28T04:04:22.679000+00:00",
     "humidity": 92.0,
     "temperature": -12.3
    },
    {
     "time": "2026-01-28T04:14:22.691000+00:00",
     "humidity": 92.0,
     "temperature": -12.3
    },
    {
     "time": "2026-01-28T04:24:22.712000+00:00",
     "humidity": 92.0,
     "temperature": -12.4
    },
    {
     "time": "2026-01-28T04:34:22.779000+00:00",
     "humidity": 92.0,
     "temperature": -12.3
    },
    {
     "time": "2026-01-28T04:44:22.701000+00:00",
     "humidity": 92.0,
     "temperature": -12.3
    },
    {
     "time": "2026-01-28T04:54:22.689000+00:00",
     "humidity": 92.0,
     "temperature": -12.3
    },
    {
     "time": "2026-01-28T05:04:22.691000+00:00",
     "humidity": 92.0,
     "temperature": -12.4
    },
    {
     "time": "2026-01-28T05:14:22.762000+00:00",
     "humidity": 92.0,
     "temperature": -12.3
    },
    {
     "time": "2026-01-28T05:24:22.819000+00:00",
     "humidity": 91.5,
     "temperature": -12.3
    },
    {
     "time": "2026-01-28T05:34:22.752000+00:00",
     "humidity": 91.5,
     "temperature": -12.3
    },
    {
     "time": "2026-01-28T05:44:22.747000+00:00",
     "humidity": 91.5,
     "temperature": -12.2
    },
    {
     "time": "2026-01-28T05:54:22.830000+00:00",
     "humidity": 91.5,
     "temperature": -12.2
    },
    {
     "time": "2026-01-28T06:04:22.843000+00:00",
     "humidity": 91.5,
     "temperature": -12.3
    },
    {
     "time": "2026-01-28T06:14:22.890000+00:00",
     "humidity": 91.5,
     "temperature": -12.2
    },
    {
     "time": "2026-01-28T06:24:22.823000+00:00",
     "humidity": 91.5,
     "temperature": -12.2
    },
    {
     "time": "2026-01-28T06:34:22.841000+00:00",
     "humidity": 91.0,
     "temperature": -12.2
    },
    {
     "time": "2026-01-28T06:44:22.745000+00:00",
     "humidity": 91.0,
     "temperature": -12.3
    },
    {
     "time": "2026-01-28T06:54:22.821000+00:00",
     "humidity": 91.5,
     "temperature": -12.2
    },
    {
     "time": "2026-01-28T07:04:22.836000+00:00",
     "humidity": 91.5,
     "temperature": -12.1
    },
    {
     "time": "2026-01-28T07:14:22.894000+00:00",
     "humidity": 91.5,
     "temperature": -12.1
    },
    {
     "time": "2026-01-28T07:24:22.827000+00:00",
     "humidity": 91.0,
     "temperature": -11.9
    },
    {
     "time": "2026-01-28T07:34:22.919000+00:00",
     "humidity": 91.5,
     "temperature": -11.9
    },
    {
     "time": "2026-01-28T07:44:22.971000+00:00",
     "humidity": 91.5,
     "temperature": -11.7
    },
    {
     "time": "2026-01-28T07:54:22.919000+00:00",
     "humidity": 91.5,
     "temperature": -11.6
    },
    {
     "time": "2026-01-28T08:04:22.837000+00:00",
     "humidity": 91.5,
     "temperature": -11.5
    },
    {
     "time": "2026-01-28T08:14:22.898000+00:00",
     "humidity": 91.5,
     "temperature": -11.5
    },
    {
     "time": "2026-01-28T08:24:22.959000+00:00",
     "humidity": 91.0,
     "temperature": -11.2
    },
    {
     "time": "2026-01-28T08:34:23.036000+00:00",
     "humidity": 91.0,
     "temperature": -11.1
    },
    {
     "time": "2026-01-28T08:44:22.990000+00:00",
     "humidity": 91.0,
     "temperature": -11.0
    },
    {
     "time": "2026-01-28T08:54:22.837000+00:00",
     "humidity": 91.0,
     "temperature": -10.9
    },
    {
     "time": "2026-01-28T09:04:23.033000+00:00",
     "humidity": 91.0,
     "temperature": -10.9
    },
    {
     "time": "2026-01-28T09:14:22.969000+00:00",
     "humidity": 90.5,
     "temperature": -10.7
    },
    {
     "time": "2026-01-28T09:24:23.025000+00:00",
     "humidity": 90.0,
     "temperature": -10.6
    },
    {
     "time": "2026-01-28T09:34:22.985000+00:00",
     "humidity": 89.5,
     "temperature": -10.6
    },
    {
     "time": "2026-01-28T09:44:23.011000+00:00",
     "humidity": 88.5,
     "temperature": -10.4
    },
    {
     "time": "2026-01-28T09:54:23.002000+00:00",
     "humidity": 89.0,
     "temperature": -10.2
    },
    {
     "time": "2026-01-28T10:04:22.870000+00:00",
     "humidity": 88.5,
     "temperature": -10.2
    },
    {
     "time": "2026-01-28T10:14:22.971000+00:00",
     "humidity": 87.5,
     "temperature": -10.1
    },
    {
     "time": "2026-01-28T10:24:22.915000+00:00",
     "humidity": 86.5,
     "temperature": -10.0
    },
    {
     "time": "2026-01-28T10:34:23.149000+00:00",
     "humidity": 86.5,
     "temperature": -9.9
    },
    {
     "time": "2026-01-28T10:44:23.025000+00:00",
     "humidity": 85.5,
     "temperature": -9.9
    },
    {
     "time": "2026-01-28T10:54:23.116000+00:00",
     "humidity": 85.5,
     "temperature": -9.8
    },
    {
     "time": "2026-01-28T11:04:23.050000+00:00",
     "humidity": 85.5,
     "temperature": -9.8
    },
    {
     "time": "2026-01-28T11:14:23.050000+00:00",
     "humidity": 85.5,
     "temperature": -9.8
    },
    {
     "time": "2026-01-28T11:24:23.044000+00:00",
     "humidity": 86.0,
     "temperature": -9.8
    },
    {
     "time": "2026-01-28T11:34:23.031000+00:00",
     "humidity": 86.0,
     "temperature": -9.6
    },
    {
     "time": "2026-01-28T11:44:23.085000+00:00",
     "humidity": 85.0,
     "temperature": -9.6
    },
    {
     "time": "2026-01-28T11:54:22.951000+00:00",
     "humidity": 86.0,
     "temperature": -9.5
    },
    {
     "time": "2026-01-28T12:04:23.065000+00:00",
     "humidity": 86.0,
     "temperature": -9.5
    },
    {
     "time": "2026-01-28T12:14:23.019000+00:00",
     "humidity": 86.0,
     "temperature": -9.5
    },
    {
     "time": "2026-01-28T12:24:23.141000+00:00",
     "humidity": 86.0,
     "temperature": -9.5
    },
    {
     "time": "2026-01-28T12:34:23.096000+00:00",
     "humidity": 86.0,
     "temperature": -9.4
    },
    {
     "time": "2026-01-28T12:44:23.092000+00:00",
     "humidity": 86.5,
     "temperature": -9.5
    },
    {
     "time": "2026-01-28T12:54:23.107000+00:00",
     "humidity": 86.5,
     "temperature": -9.4
    },
    {
     "time": "2026-01-28T13:04:23.145000+00:00",
     "humidity": 86.5,
     "temperature": -9.4
    },
    {
     "time": "2026-01-28T13:14:23.152000+00:00",
     "humidity": 86.0,
     "temperature": -9.4
    },
    {
     "time": "2026-01-28T13:24:23.113000+00:00",
     "humidity": 86.5,
     "temperature": -9.3
    },
    {
     "time": "2026-01-28T13:34:23.140000+00:00",
     "humidity": 86.5,
     "temperature": -9.4
    },
    {
     "time": "2026-01-28T13:44:23.100000+00:00",
     "humidity": 87.0,
     "temperature": -9.4
    },
    {
     "time": "2026-01-28T13:54:23.415000+00:00",
     "humidity": 87.0,
     "temperature": -9.4
    },
    {
     "time": "2026-01-28T14:04:23.277000+00:00",
     "humidity": 87.0,
     "temperature": -9.3
    },
    {
     "time": "2026-01-28T14:14:23.198000+00:00",
     "humidity": 87.0,
     "temperature": -9.3
    },
    {
     "time": "2026-01-28T14:24:23.210000+00:00",
     "humidity": 87.0,
     "temperature": -9.2
    },
    {
     "time": "2026-01-28T14:34:23.187000+00:00",
     "humidity": 87.0,
     "temperature": -9.3
    },
    {
     "time": "2026-01-28T14:44:23.125000+00:00",
     "humidity": 87.0,
     "temperature": -9.3
    },
    {
     "time": "2026-01-28T14:54:23.185000+00:00",
     "humidity": 87.0,
     "temperature": -9.4
    },
    {
     "time": "2026-01-28T15:04:23.243000+00:00",
     "humidity": 87.5,
     "temperature": -9.4
    },
    {
     "time": "2026-01-28T15:14:23.239000+00:00",
     "humidity": 87.0,
     "temperature": -9.3
    },
    {
     "time": "2026-01-28T15:24:23.269000+00:00",
     "humidity": 87.0,
     "temperature": -9.2
    },
    {
     "time": "2026-01-28T15:34:23.218000+00:00",
     "humidity": 87.0,
     "temperature": -9.2
    },
    {
     "time": "2026-01-28T15:44:23.086000+00:00",
     "humidity": 87.0,
     "temperature": -9.2
    },
    {
     "time": "2026-01-28T15:54:23.251000+00:00",
     "humidity": 87.0,
     "temperature": -9.1
    },
    {
     "time": "2026-01-28T16:04:23.328000+00:00",
     "humidity": 87.0,
     "temperature": -9.1
    },
    {
     "time": "2026-01-28T16:14:23.310000+00:00",
     "humidity": 86.5,
     "temperature": -9.0
    },
    {
     "time": "2026-01-28T16:24:23.280000+00:00",
     "humidity": 86.5,
     "temperature": -9.0
    },
    {
     "time": "2026-01-28T16:34:23.300000+00:00",
     "humidity": 86.5,
     "temperature": -9.0
    },
    {
     "time": "2026-01-28T16:44:23.285000+00:00",
     "humidity": 86.0,
     "temperature": -8.9
    },
    {
     "time": "2026-01-28T16:54:23.302000+00:00",
     "humidity": 86.0,
     "temperature": -9.0
    },
    {
     "time": "2026-01-28T17:04:23.295000+00:00",
     "humidity": 85.0,
     "temperature": -9.0
    },
    {
     "time": "2026-01-28T17:14:23.345000+00:00",
     "humidity": 85.5,
     "temperature": -9.0
    },
    {
     "time": "2026-01-28T17:24:23.330000+00:00",
     "humidity": 86.0,
     "temperature": -9.1
    },
    {
     "time": "2026-01-28T17:34:23.313000+00:00",
     "humidity": 86.5,
     "temperature": -9.0
    },
    {
     "time": "2026-01-28T17:44:23.476000+00:00",
     "humidity": 86.5,
     "temperature": -9.0
    },
    {
     "time": "2026-01-28T17:54:23.365000+00:00",
     "humidity": 86.0,
     "temperature": -9.0
    },
    {
     "time": "2026-01-28T18:04:23.404000+00:00",
     "humidity": 86.5,
     "temperature": -9.1
    },
    {
     "time": "2026-01-28T18:14:23.547000+00:00",
     "humidity": 86.5,
     "temperature": -9.1
    },
    {
     "time": "2026-01-28T18:24:23.325000+00:00",
     "humidity": 86.5,
     "temperature": -9.1
    },
    {
     "time": "2026-01-28T18:34:23.222000+00:00",
     "humidity": 86.0,
     "temperature": -9.0
    },
    {
     "time": "2026-01-28T18:44:23.400000+00:00",
     "humidity": 86.0,
     "temperature": -9.0
    },
    {
     "time": "2026-01-28T18:54:23.298000+00:00",
     "humidity": 86.0,
     "temperature": -9.1
    },
    {
     "time": "2026-01-28T19:04:23.380000+00:00",
     "humidity": 86.0,
     "temperature": -9.1
    },
    {
     "time": "2026-01-28T19:14:23.383000+00:00",
     "humidity": 86.0,
     "temperature": -9.1
    },
    {
     "time": "2026-01-28T19:24:23.368000+00:00",
     "humidity": 86.0,
     "temperature": -9.1
    },
    {
     "time": "2026-01-28T19:34:23.500000+00:00",
     "humidity": 86.0,
     "temperature": -9.2
    },
    {
     "time": "2026-01-28T19:44:23.445000+00:00",
     "humidity": 85.5,
     "temperature": -9.1
    },
    {
     "time": "2026-01-28T19:54:23.462000+00:00",
     "humidity": 85.5,
     "temperature": -9.1
    },
    {
     "time": "2026-01-28T20:04:23.434000+00:00",
     "humidity": 85.0,
     "temperature": -9.1
    },
    {
     "time": "2026-01-28T20:14:23.410000+00:00",
     "humidity": 85.0,
     "temperature": -9.1
    },
    {
     "time": "2026-01-28T20:24:23.408000+00:00",
     "humidity": 85.0,
     "temperature": -9.0
    },
    {
     "time": "2026-01-28T20:34:23.470000+00:00",
     "humidity": 85.0,
     "temperature": -9.1
    },
    {
     "time": "2026-01-28T20:44:23.460000+00:00",
     "humidity": 85.5,
     "temperature": -9.2
    },
    {
     "time": "2026-01-28T20:54:23.425000+00:00",
     "humidity": 85.5,
     "temperature": -9.1
    },
    {
     "time": "2026-01-28T21:04:23.461000+00:00",
     "humidity": 85.0,
     "temperature": -9.1
    },
    {
     "time": "2026-01-28T21:14:23.530000+00:00",
     "humidity": 85.5,
     "temperature": -9.1
    },
    {
     "time": "2026-01-28T21:24:23.460000+00:00",
     "humidity": 85.5,
     "temperature": -9.0
    },
    {
     "time": "2026-01-28T21:34:23.408000+00:00",
     "humidity": 86.0,
     "temperature": -9.0
    },
    {
     "time": "2026-01-28T21:44:23.442000+00:00",
     "humidity": 86.0,
     "temperature": -9.0
    },
    {
     "time": "2026-01-28T21:54:23.468000+00:00",
     "humidity": 85.5,
     "temperature": -8.9
    },
    {
     "time": "2026-01-28T22:04:23.491000+00:00",
     "humidity": 85.0,
     "temperature": -8.9
    },
    {
     "time": "2026-01-28T22:14:23.553000+00:00",
     "humidity": 85.5,
     "temperature": -9.0
    },
    {
     "time": "2026-01-28T22:24:23.467000+00:00",
     "humidity": 85.5,
     "temperature": -9.1
    },
    {
     "time": "2026-01-28T22:34:23.550000+00:00",
     "humidity": 86.0,
     "temperature": -9.2
    },
    {
     "time": "2026-01-28T22:44:23.612000+00:00",
     "humidity": 86.5,
     "temperature": -9.3
    },
    {
     "time": "2026-01-28T22:54:23.472000+00:00",
     "humidity": 86.5,
     "temperature": -9.5
    },
    {
     "time": "2026-01-28T23:04:23.521000+00:00",
     "humidity": 86.5,
     "temperature": -9.8
    },
    {
     "time": "2026-01-28T23:14:23.600000+00:00",
     "humidity": 87.0,
     "temperature": -10.0
    },
    {
     "time": "2026-01-28T23:24:23.535000+00:00",
     "humidity": 87.5,
     "temperature": -10.3
    },
    {
     "time": "2026-01-28T23:34:23.585000+00:00",
     "humidity": 87.5,
     "temperature": -10.5
    },
    {
     "time": "2026-01-28T23:44:23.586000+00:00",
     "humidity": 88.0,
     "temperature": -10.7
    },
    {
     "time": "2026-01-28T23:54:23.608000+00:00",
     "humidity": 88.5,
     "temperature": -10.9
    },
    {
     "time": "2026-01-29T00:04:23.510000+00:00",
     "humidity": 88.5,
     "temperature": -10.9
    },
    {
     "time": "2026-01-29T00:14:23.655000+00:00",
     "humidity": 88.0,
     "temperature": -11.0
    },
    {
     "time": "2026-01-29T00:24:23.670000+00:00",
     "humidity": 88.5,
     "temperature": -11.0
    },
    {
     "time": "2026-01-29T00:34:23.457000+00:00",
     "humidity": 88.5,
     "temperature": -11.0
    },
    {
     "time": "2026-01-29T00:44:23.688000+00:00",
     "humidity": 88.5,
     "temperature": -11.1
    },
    {
     "time": "2026-01-29T00:54:23.711000+00:00",
     "humidity": 88.0,
     "temperature": -11.2
    },
    {
     "time": "2026-01-29T01:04:23.720000+00:00",
     "humidity": 88.0,
     "temperature": -11.2
    },
    {
     "time": "2026-01-29T01:14:23.672000+00:00",
     "humidity": 88.0,
     "temperature": -11.1
    },
    {
     "time": "2026-01-29T01:24:23.710000+00:00",
     "humidity": 88.0,
     "temperature": -11.2
    },
    {
     "time": "2026-01-29T01:34:23.678000+00:00",
     "humidity": 88.0,
     "temperature": -11.3
    },
    {
     "time": "2026-01-29T01:44:23.760000+00:00",
     "humidity": 88.5,
     "temperature": -11.3
    },
    {
     "time": "2026-01-29T01:54:23.705000+00:00",
     "humidity": 88.0,
     "temperature": -11.4
    },
    {
     "time": "2026-01-29T02:04:23.638000+00:00",
     "humidity": 88.0,
     "temperature": -11.5
    },
    {
     "time": "2026-01-29T02:14:23.785000+00:00",
     "humidity": 88.0,
     "temperature": -11.6
    },
    {
     "time": "2026-01-29T02:24:23.790000+00:00",
     "humidity": 88.5,
     "temperature": -11.6
    },
    {
     "time": "2026-01-29T02:34:23.586000+00:00",
     "humidity": 88.0,
     "temperature": -11.7
    },
    {
     "time": "2026-01-29T02:44:23.784000+00:00",
     "humidity": 88.5,
     "temperature": -11.8
    },
    {
     "time": "2026-01-29T02:54:23.850000+00:00",
     "humidity": 88.5,
     "temperature": -12.0
    },
    {
     "time": "2026-01-29T03:04:23.678000+00:00",
     "humidity": 88.5,
     "temperature": -12.3
    },
    {
     "time": "2026-01-29T03:14:23.782000+00:00",
     "humidity": 89.0,
     "temperature": -12.4
    },
    {
     "time": "2026-01-29T03:24:23.710000+00:00",
     "humidity": 89.5,
     "temperature": -12.4
    },
    {
     "time": "2026-01-29T03:34:23.719000+00:00",
     "humidity": 89.5,
     "temperature": -12.4
    },
    {
     "time": "2026-01-29T03:44:23.767000+00:00",
     "humidity": 89.5,
     "temperature": -12.5
    },
    {
     "time": "2026-01-29T03:54:23.785000+00:00",
     "humidity": 89.0,
     "temperature": -12.5
    },
    {
     "time": "2026-01-29T04:04:23.952000+00:00",
     "humidity": 89.0,
     "temperature": -12.7
    },
    {
     "time": "2026-01-29T04:14:23.699000+00:00",
     "humidity": 88.5,
     "temperature": -12.8
    },
    {
     "time": "2026-01-29T04:24:23.875000+00:00",
     "humidity": 89.0,
     "temperature": -12.9
    },
    {
     "time": "2026-01-29T04:34:23.916000+00:00",
     "humidity": 89.0,
     "temperature": -13.2
    },
    {
     "time": "2026-01-29T04:44:23.809000+00:00",
     "humidity": 89.0,
     "temperature": -13.2
    },
    {
     "time": "2026-01-29T04:54:23.910000+00:00",
     "humidity": 89.0,
     "temperature": -13.4
    },
    {
     "time": "2026-01-29T05:04:23.931000+00:00",
     "humidity": 89.5,
     "temperature": -13.6
    },
    {
     "time": "2026-01-29T05:14:23.884000+00:00",
     "humidity": 90.5,
     "temperature": -13.6
    },
    {
     "time": "2026-01-29T05:24:23.825000+00:00",
     "humidity": 90.0,
     "temperature": -13.6
    },
    {
     "time": "2026-01-29T05:34:23.913000+00:00",
     "humidity": 90.0,
     "temperature": -13.9
    },
    {
     "time": "2026-01-29T05:44:23.918000+00:00",
     "humidity": 90.0,
     "temperature": -14.1
    },
    {
     "time": "2026-01-29T05:54:23.885000+00:00",
     "humidity": 90.0,
     "temperature": -14.2
    },
    {
     "time": "2026-01-29T06:04:23.951000+00:00",
     "humidity": 90.5,
     "temperature": -14.1
    },
    {
     "time": "2026-01-29T06:14:24.011000+00:00",
     "humidity": 90.5,
     "temperature": -14.0
    },
    {
     "time": "2026-01-29T06:24:23.936000+00:00",
     "humidity": 90.5,
     "temperature": -14.0
    },
    {
     "time": "2026-01-29T06:34:24.041000+00:00",
     "humidity": 90.0,
     "temperature": -14.1
    },
    {
     "time": "2026-01-29T06:44:24.015000+00:00",
     "humidity": 90.0,
     "temperature": -14.2
    },
    {
     "time": "2026-01-29T06:54:24.044000+00:00",
     "humidity": 90.0,
     "temperature": -14.3
    },
    {
     "time": "2026-01-29T07:04:24.285000+00:00",
     "humidity": 90.0,
     "temperature": -14.3
    },
    {
     "time": "2026-01-29T07:14:23.948000+00:00",
     "humidity": 90.0,
     "temperature": -14.2
    },
    {
     "time": "2026-01-29T07:24:23.976000+00:00",
     "humidity": 89.5,
     "temperature": -14.2
    },
    {
     "time": "2026-01-29T07:34:24.070000+00:00",
     "humidity": 89.5,
     "temperature": -14.2
    },
    {
     "time": "2026-01-29T07:44:24.070000+00:00",
     "humidity": 89.0,
     "temperature": -14.2
    },
    {
     "time": "2026-01-29T07:54:24.022000+00:00",
     "humidity": 89.0,
     "temperature": -14.3
    },
    {
     "time": "2026-01-29T08:04:24.102000+00:00",
     "humidity": 89.5,
     "temperature": -14.1
    },
    {
     "time": "2026-01-29T08:14:24.150000+00:00",
     "humidity": 89.5,
     "temperature": -13.9
    },
    {
     "time": "2026-01-29T08:24:24.192000+00:00",
     "humidity": 89.5,
     "temperature": -13.6
    },
    {
     "time": "2026-01-29T08:34:24.123000+00:00",
     "humidity": 88.5,
     "temperature": -13.6
    },
    {
     "time": "2026-01-29T08:44:24.158000+00:00",
     "humidity": 88.5,
     "temperature": -13.3
    },
    {
     "time": "2026-01-29T08:54:24.194000+00:00",
     "humidity": 88.5,
     "temperature": -13.1
    },
    {
     "time": "2026-01-29T09:04:24.149000+00:00",
     "humidity": 88.5,
     "temperature": -12.9
    },
    {
     "time": "2026-01-29T09:14:24.122000+00:00",
     "humidity": 88.0,
     "temperature": -12.7
    },
    {
     "time": "2026-01-29T09:24:24.200000+00:00",
     "humidity": 87.5,
     "temperature": -12.5
    },
    {
     "time": "2026-01-29T09:34:24.169000+00:00",
     "humidity": 87.0,
     "temperature": -12.3
    },
    {
     "time": "2026-01-29T09:44:24.188000+00:00",
     "humidity": 85.5,
     "temperature": -11.4
    },
    {
     "time": "2026-01-29T09:54:24.251000+00:00",
     "humidity": 83.5,
     "temperature": -10.9
    },
    {
     "time": "2026-01-29T10:04:24.239000+00:00",
     "humidity": 82.5,
     "temperature": -10.9
    },
    {
     "time": "2026-01-29T10:14:24.305000+00:00",
     "humidity": 82.0,
     "temperature": -10.5
    },
    {
     "time": "2026-01-29T10:24:24.232000+00:00",
     "humidity": 81.5,
     "temperature": -10.6
    },
    {
     "time": "2026-01-29T10:34:24.213000+00:00",
     "humidity": 82.5,
     "temperature": -10.5
    },
    {
     "time": "2026-01-29T10:44:24.260000+00:00",
     "humidity": 81.0,
     "temperature": -10.5
    },
    {
     "time": "2026-01-29T10:54:24.281000+00:00",
     "humidity": 81.5,
     "temperature": -10.2
    },
    {
     "time": "2026-01-29T11:04:24.270000+00:00",
     "humidity": 82.5,
     "temperature": -10.6
    },
    {
     "time": "2026-01-29T11:14:24.364000+00:00",
     "humidity": 83.0,
     "temperature": -10.8
    },
    {
     "time": "2026-01-29T11:24:24.267000+00:00",
     "humidity": 84.0,
     "temperature": -11.0
    },
    {
     "time": "2026-01-29T11:34:24.281000+00:00",
     "humidity": 85.0,
     "temperature": -11.2
    },
    {
     "time": "2026-01-29T11:44:24.351000+00:00",
     "humidity": 85.5,
     "temperature": -11.2
    },
    {
     "time": "2026-01-29T11:54:24.256000+00:00",
     "humidity": 86.0,
     "temperature": -11.1
    },
    {
     "time": "2026-01-29T12:04:24.390000+00:00",
     "humidity": 86.0,
     "temperature": -11.2
    },
    {
     "time": "2026-01-29T12:14:24.355000+00:00",
     "humidity": 86.0,
     "temperature": -11.0
    },
    {
     "time": "2026-01-29T12:24:24.319000+00:00",
     "humidity": 86.0,
     "temperature": -10.9
    },
    {
     "time": "2026-01-29T12:34:24.308000+00:00",
     "humidity": 85.0,
     "temperature": -10.0
    },
    {
     "time": "2026-01-29T12:44:24.283000+00:00",
     "humidity": 82.0,
     "temperature": -9.5
    },
    {
     "time": "2026-01-29T12:54:24.215000+00:00",
     "humidity": 81.5,
     "temperature": -9.4
    },
    {
     "time": "2026-01-29T13:04:24.304000+00:00",
     "humidity": 82.0,
     "temperature": -9.8
    },
    {
     "time": "2026-01-29T13:14:24.360000+00:00",
     "humidity": 84.5,
     "temperature": -10.4
    },
    {
     "time": "2026-01-29T13:24:24.430000+00:00",
     "humidity": 84.5,
     "temperature": -10.9
    },
    {
     "time": "2026-01-29T13:34:24.403000+00:00",
     "humidity": 86.0,
     "temperature": -11.2
    },
    {
     "time": "2026-01-29T13:44:24.371000+00:00",
     "humidity": 86.5,
     "temperature": -11.7
    },
    {
     "time": "2026-01-29T13:54:24.437000+00:00",
     "humidity": 88.0,
     "temperature": -11.6
    },
    {
     "time": "2026-01-29T14:04:24.403000+00:00",
     "humidity": 89.0,
     "temperature": -11.5
    },
    {
     "time": "2026-01-29T14:14:24.436000+00:00",
     "humidity": 89.5,
     "temperature": -11.7
    },
    {
     "time": "2026-01-29T14:24:24.312000+00:00",
     "humidity": 90.0,
     "temperature": -11.8
    },
    {
     "time": "2026-01-29T14:34:24.496000+00:00",
     "humidity": 90.5,
     "temperature": -11.9
    },
    {
     "time": "2026-01-29T14:44:24.530000+00:00",
     "humidity": 90.5,
     "temperature": -11.9
    },
    {
     "time": "2026-01-29T14:54:24.470000+00:00",
     "humidity": 91.0,
     "temperature": -11.8
    },
    {
     "time": "2026-01-29T15:04:24.446000+00:00",
     "humidity": 90.5,
     "temperature": -12.1
    },
    {
     "time": "2026-01-29T15:14:24.499000+00:00",
     "humidity": 90.5,
     "temperature": -12.1
    },
    {
     "time": "2026-01-29T15:24:24.464000+00:00",
     "humidity": 89.5,
     "temperature": -12.2
    },
    {
     "time": "2026-01-29T15:34:24.509000+00:00",
     "humidity": 90.0,
     "temperature": -12.5
    },
    {
     "time": "2026-01-29T15:44:24.610000+00:00",
     "humidity": 90.0,
     "temperature": -12.8
    },
    {
     "time": "2026-01-29T15:54:24.579000+00:00",
     "humidity": 90.5,
     "temperature": -12.9
    },
    {
     "time": "2026-01-29T16:04:24.898000+00:00",
     "humidity": 90.5,
     "temperature": -12.8
    },
    {
     "time": "2026-01-29T16:14:24.558000+00:00",
     "humidity": 90.5,
     "temperature": -12.9
    },
    {
     "time": "2026-01-29T16:24:24.511000+00:00",
     "humidity": 90.0,
     "temperature": -13.1
    },
    {
     "time": "2026-01-29T16:34:24.579000+00:00",
     "humidity": 90.5,
     "temperature": -13.4
    },
    {
     "time": "2026-01-29T16:44:24.505000+00:00",
     "humidity": 91.0,
     "temperature": -13.1
    },
    {
     "time": "2026-01-29T16:54:24.688000+00:00",
     "humidity": 90.0,
     "temperature": -13.4
    },
    {
     "time": "2026-01-29T17:04:24.618000+00:00",
     "humidity": 90.0,
     "temperature": -13.5
    },
    {
     "time": "2026-01-29T17:14:24.589000+00:00",
     "humidity": 90.5,
     "temperature": -13.5
    },
    {
     "time": "2026-01-29T17:24:24.694000+00:00",
     "humidity": 90.0,
     "temperature": -13.9
    },
    {
     "time": "2026-01-29T17:34:24.785000+00:00",
     "humidity": 90.0,
     "temperature": -14.0
    },
    {
     "time": "2026-01-29T17:44:24.731000+00:00",
     "humidity": 90.5,
     "temperature": -14.0
    },
    {
     "time": "2026-01-29T17:54:24.672000+00:00",
     "humidity": 91.0,
     "temperature": -14.0
    },
    {
     "time": "2026-01-29T18:04:24.668000+00:00",
     "humidity": 91.0,
     "temperature": -14.1
    },
    {
     "time": "2026-01-29T18:14:24.680000+00:00",
     "humidity": 91.0,
     "temperature": -14.1
    },
    {
     "time": "2026-01-29T18:24:24.620000+00:00",
     "humidity": 91.0,
     "temperature": -14.1
    },
    {
     "time": "2026-01-29T18:34:24.635000+00:00",
     "humidity": 91.5,
     "temperature": -14.3
    },
    {
     "time": "2026-01-29T18:44:24.725000+00:00",
     "humidity": 91.0,
     "temperature": -14.2
    },
    {
     "time": "2026-01-29T18:54:24.720000+00:00",
     "humidity": 91.0,
     "temperature": -14.5
    },
    {
     "time": "2026-01-29T19:04:24.909000+00:00",
     "humidity": 91.0,
     "temperature": -14.6
    },
    {
     "time": "2026-01-29T19:14:24.790000+00:00",
     "humidity": 91.0,
     "temperature": -14.6
    },
    {
     "time": "2026-01-29T19:24:24.782000+00:00",
     "humidity": 91.0,
     "temperature": -14.8
    },
    {
     "time": "2026-01-29T19:34:24.736000+00:00",
     "humidity": 91.0,
     "temperature": -14.9
    },
    {
     "time": "2026-01-29T19:44:24.824000+00:00",
     "humidity": 91.5,
     "temperature": -14.9
    },
    {
     "time": "2026-01-29T19:54:24.764000+00:00",
     "humidity": 91.5,
     "temperature": -15.0
    },
    {
     "time": "2026-01-29T20:04:24.830000+00:00",
     "humidity": 91.5,
     "temperature": -14.9
    },
    {
     "time": "2026-01-29T20:14:24.939000+00:00",
     "humidity": 91.5,
     "temperature": -14.9
    },
    {
     "time": "2026-01-29T20:24:24.840000+00:00",
     "humidity": 91.0,
     "temperature": -15.0
    },
    {
     "time": "2026-01-29T20:34:24.850000+00:00",
     "humidity": 90.5,
     "temperature": -15.4
    },
    {
     "time": "2026-01-29T20:44:24.929000+00:00",
     "humidity": 90.5,
     "temperature": -15.4
    },
    {
     "time": "2026-01-29T20:54:24.904000+00:00",
     "humidity": 90.5,
     "temperature": -15.4
    },
    {
     "time": "2026-01-29T21:04:24.908000+00:00",
     "humidity": 90.5,
     "temperature": -15.6
    },
    {
     "time": "2026-01-29T21:14:24.929000+00:00",
     "humidity": 90.5,
     "temperature": -15.7
    },
    {
     "time": "2026-01-29T21:24:24.951000+00:00",
     "humidity": 90.5,
     "temperature": -15.9
    },
    {
     "time": "2026-01-29T21:34:25.002000+00:00",
     "humidity": 90.0,
     "temperature": -16.2
    },
    {
     "time": "2026-01-29T21:44:24.939000+00:00",
     "humidity": 89.5,
     "temperature": -16.3
    },
    {
     "time": "2026-01-29T21:54:24.955000+00:00",
     "humidity": 90.0,
     "temperature": -16.5
    },
    {
     "time": "2026-01-29T22:04:24.989000+00:00",
     "humidity": 90.5,
     "temperature": -16.4
    },
    {
     "time": "2026-01-29T22:14:24.990000+00:00",
     "humidity": 90.5,
     "temperature": -16.5
    },
    {
     "time": "2026-01-29T22:24:25.029000+00:00",
     "humidity": 90.5,
     "temperature": -16.2
    },
    {
     "time": "2026-01-29T22:34:25.081000+00:00",
     "humidity": 90.0,
     "temperature": -16.4
    },
    {
     "time": "2026-01-29T22:44:25.020000+00:00",
     "humidity": 89.5,
     "temperature": -16.5
    },
    {
     "time": "2026-01-29T22:54:25.074000+00:00",
     "humidity": 89.5,
     "temperature": -16.6
    },
    {
     "time": "2026-01-29T23:04:25.037000+00:00",
     "humidity": 89.5,
     "temperature": -16.8
    },
    {
     "time": "2026-01-29T23:14:25.030000+00:00",
     "humidity": 90.0,
     "temperature": -16.7
    },
    {
     "time": "2026-01-29T23:24:25.100000+00:00",
     "humidity": 90.5,
     "temperature": -16.6
    },
    {
     "time": "2026-01-29T23:34:25.140000+00:00",
     "humidity": 90.5,
     "temperature": -16.6
    },
    {
     "time": "2026-01-29T23:44:25.129000+00:00",
     "humidity": 90.5,
     "temperature": -16.4
    },
    {
     "time": "2026-01-29T23:54:25.165000+00:00",
     "humidity": 90.5,
     "temperature": -16.4
    },
    {
     "time": "2026-01-30T00:04:25.170000+00:00",
     "humidity": 90.5,
     "temperature": -16.5
    },
    {
     "time": "2026-01-30T00:14:25.153000+00:00",
     "humidity": 90.0,
     "temperature": -16.8
    },
    {
     "time": "2026-01-30T00:24:25.117000+00:00",
     "humidity": 90.0,
     "temperature": -17.0
    },
    {
     "time": "2026-01-30T00:34:25.159000+00:00",
     "humidity": 90.0,
     "temperature": -17.1
    },
    {
     "time": "2026-01-30T00:44:25.300000+00:00",
     "humidity": 89.5,
     "temperature": -17.5
    },
    {
     "time": "2026-01-30T00:54:25.269000+00:00",
     "humidity": 89.5,
     "temperature": -17.7
    },
    {
     "time": "2026-01-30T01:04:25.244000+00:00",
     "humidity": 90.0,
     "temperature": -17.8
    },
    {
     "time": "2026-01-30T01:14:25.274000+00:00",
     "humidity": 89.5,
     "temperature": -18.0
    },
    {
     "time": "2026-01-30T01:24:25.313000+00:00",
     "humidity": 89.5,
     "temperature": -18.2
    },
    {
     "time": "2026-01-30T01:34:25.233000+00:00",
     "humidity": 89.5,
     "temperature": -18.4
    },
    {
     "time": "2026-01-30T01:44:25.372000+00:00",
     "humidity": 90.5,
     "temperature": -18.2
    },
    {
     "time": "2026-01-30T01:54:25.353000+00:00",
     "humidity": 90.5,
     "temperature": -18.2
    },
    {
     "time": "2026-01-30T02:04:25.335000+00:00",
     "humidity": 90.5,
     "temperature": -18.2
    },
    {
     "time": "2026-01-30T02:14:25.444000+00:00",
     "humidity": 90.0,
     "temperature": -18.4
    },
    {
     "time": "2026-01-30T02:24:25.415000+00:00",
     "humidity": 89.5,
     "temperature": -18.6
    },
    {
     "time": "2026-01-30T02:34:25.420000+00:00",
     "humidity": 89.5,
     "temperature": -18.7
    },
    {
     "time": "2026-01-30T02:44:25.466000+00:00",
     "humidity": 90.0,
     "temperature": -18.8
    },
    {
     "time": "2026-01-30T02:54:25.404000+00:00",
     "humidity": 89.5,
     "temperature": -19.0
    },
    {
     "time": "2026-01-30T03:04:25.534000+00:00",
     "humidity": 91.0,
     "temperature": -18.7
    },
    {
     "time": "2026-01-30T03:14:25.434000+00:00",
     "humidity": 91.5,
     "temperature": -18.3
    },
    {
     "time": "2026-01-30T03:24:25.500000+00:00",
     "humidity": 92.0,
     "temperature": -18.0
    },
    {
     "time": "2026-01-30T03:34:25.625000+00:00",
     "humidity": 90.0,
     "temperature": -18.5
    },
    {
     "time": "2026-01-30T03:44:25.638000+00:00",
     "humidity": 90.0,
     "temperature": -18.5
    },
    {
     "time": "2026-01-30T03:54:25.470000+00:00",
     "humidity": 90.0,
     "temperature": -18.7
    },
    {
     "time": "2026-01-30T04:04:25.584000+00:00",
     "humidity": 89.5,
     "temperature": -18.8
    },
    {
     "time": "2026-01-30T04:14:25.640000+00:00",
     "humidity": 89.5,
     "temperature": -18.9
    },
    {
     "time": "2026-01-30T04:24:25.609000+00:00",
     "humidity": 89.5,
     "temperature": -19.0
    },
    {
     "time": "2026-01-30T04:34:25.591000+00:00",
     "humidity": 89.5,
     "temperature": -19.1
    },
    {
     "time": "2026-01-30T04:44:25.650000+00:00",
     "humidity": 90.0,
     "temperature": -18.9
    },
    {
     "time": "2026-01-30T04:54:25.770000+00:00",
     "humidity": 90.0,
     "temperature": -18.9
    },
    {
     "time": "2026-01-30T05:04:25.716000+00:00",
     "humidity": 90.5,
     "temperature": -18.7
    },
    {
     "time": "2026-01-30T05:14:25.610000+00:00",
     "humidity": 90.0,
     "temperature": -18.8
    },
    {
     "time": "2026-01-30T05:24:25.563000+00:00",
     "humidity": 90.5,
     "temperature": -18.7
    },
    {
     "time": "2026-01-30T05:34:25.721000+00:00",
     "humidity": 90.5,
     "temperature": -18.7
    },
    {
     "time": "2026-01-30T05:44:25.780000+00:00",
     "humidity": 90.0,
     "temperature": -18.8
    },
    {
     "time": "2026-01-30T05:54:25.759000+00:00",
     "humidity": 90.0,
     "temperature": -18.8
    },
    {
     "time": "2026-01-30T06:04:25.661000+00:00",
     "humidity": 90.0,
     "temperature": -18.8
    },
    {
     "time": "2026-01-30T06:14:25.780000+00:00",
     "humidity": 89.5,
     "temperature": -18.9
    },
    {
     "time": "2026-01-30T06:24:25.829000+00:00",
     "humidity": 89.5,
     "temperature": -18.9
    },
    {
     "time": "2026-01-30T06:34:25.856000+00:00",
     "humidity": 89.5,
     "temperature": -19.0
    },
    {
     "time": "2026-01-30T06:44:25.860000+00:00",
     "humidity": 89.0,
     "temperature": -19.2
    },
    {
     "time": "2026-01-30T06:54:26.155000+00:00",
     "humidity": 90.0,
     "temperature": -19.0
    },
    {
     "time": "2026-01-30T07:04:25.742000+00:00",
     "humidity": 90.0,
     "temperature": -18.8
    },
    {
     "time": "2026-01-30T07:14:26.131000+00:00",
     "humidity": 89.5,
     "temperature": -19.0
    },
    {
     "time": "2026-01-30T07:24:25.860000+00:00",
     "humidity": 90.0,
     "temperature": -18.8
    },
    {
     "time": "2026-01-30T07:34:25.994000+00:00",
     "humidity": 89.0,
     "temperature": -19.0
    },
    {
     "time": "2026-01-30T07:44:26.030000+00:00",
     "humidity": 89.0,
     "temperature": -19.1
    },
    {
     "time": "2026-01-30T07:54:25.953000+00:00",
     "humidity": 90.0,
     "temperature": -18.7
    },
    {
     "time": "2026-01-30T08:04:26.093000+00:00",
     "humidity": 90.0,
     "temperature": -18.5
    },
    {
     "time": "2026-01-30T08:14:26.040000+00:00",
     "humidity": 90.5,
     "temperature": -18.2
    },
    {
     "time": "2026-01-30T08:24:26.007000+00:00",
     "humidity": 90.0,
     "temperature": -17.9
    },
    {
     "time": "2026-01-30T08:34:26.002000+00:00",
     "humidity": 90.0,
     "temperature": -17.7
    },
    {
     "time": "2026-01-30T08:44:26.040000+00:00",
     "humidity": 90.5,
     "temperature": -17.2
    },
    {
     "time": "2026-01-30T08:54:26.100000+00:00",
     "humidity": 91.0,
     "temperature": -16.1
    },
    {
     "time": "2026-01-30T09:04:26.056000+00:00",
     "humidity": 88.5,
     "temperature": -15.2
    },
    {
     "time": "2026-01-30T09:14:26.111000+00:00",
     "humidity": 87.0,
     "temperature": -14.6
    },
    {
     "time": "2026-01-30T09:24:26.160000+00:00",
     "humidity": 85.5,
     "temperature": -13.9
    },
    {
     "time": "2026-01-30T09:34:26.185000+00:00",
     "humidity": 84.0,
     "temperature": -13.1
    },
    {
     "time": "2026-01-30T09:44:26.125000+00:00",
     "humidity": 83.5,
     "temperature": -12.7
    },
    {
     "time": "2026-01-30T09:54:26.191000+00:00",
     "humidity": 82.0,
     "temperature": -12.5
    },
    {
     "time": "2026-01-30T10:04:26.250000+00:00",
     "humidity": 82.0,
     "temperature": -12.0
    },
    {
     "time": "2026-01-30T10:14:26.199000+00:00",
     "humidity": 82.5,
     "temperature": -11.7
    },
    {
     "time": "2026-01-30T10:24:26.210000+00:00",
     "humidity": 81.0,
     "temperature": -11.3
    },
    {
     "time": "2026-01-30T10:34:26.127000+00:00",
     "humidity": 79.5,
     "temperature": -10.7
    },
    {
     "time": "2026-01-30T10:44:26.287000+00:00",
     "humidity": 80.0,
     "temperature": -10.6
    },
    {
     "time": "2026-01-30T10:54:26.203000+00:00",
     "humidity": 79.0,
     "temperature": -10.6
    },
    {
     "time": "2026-01-30T11:04:26.190000+00:00",
     "humidity": 79.5,
     "temperature": -11.2
    },
    {
     "time": "2026-01-30T11:14:26.250000+00:00",
     "humidity": 82.0,
     "temperature": -11.3
    },
    {
     "time": "2026-01-30T11:24:26.246000+00:00",
     "humidity": 82.0,
     "temperature": -11.5
    },
    {
     "time": "2026-01-30T11:34:26.272000+00:00",
     "humidity": 82.5,
     "temperature": -11.6
    },
    {
     "time": "2026-01-30T11:44:26.365000+00:00",
     "humidity": 82.5,
     "temperature": -11.5
    },
    {
     "time": "2026-01-30T11:54:26.231000+00:00",
     "humidity": 83.0,
     "temperature": -11.4
    },
    {
     "time": "2026-01-30T12:04:26.171000+00:00",
     "humidity": 82.5,
     "temperature": -11.3
    },
    {
     "time": "2026-01-30T12:14:26.263000+00:00",
     "humidity": 82.5,
     "temperature": -11.2
    },
    {
     "time": "2026-01-30T12:24:26.277000+00:00",
     "humidity": 83.5,
     "temperature": -10.9
    },
    {
     "time": "2026-01-30T12:34:26.254000+00:00",
     "humidity": 82.0,
     "temperature": -10.2
    },
    {
     "time": "2026-01-30T12:44:26.146000+00:00",
     "humidity": 79.0,
     "temperature": -9.4
    },
    {
     "time": "2026-01-30T12:54:26.390000+00:00",
     "humidity": 78.5,
     "temperature": -9.3
    },
    {
     "time": "2026-01-30T13:04:26.300000+00:00",
     "humidity": 78.0,
     "temperature": -9.5
    },
    {
     "time": "2026-01-30T13:14:26.308000+00:00",
     "humidity": 80.0,
     "temperature": -10.2
    },
    {
     "time": "2026-01-30T13:24:26.340000+00:00",
     "humidity": 82.0,
     "temperature": -10.6
    },
    {
     "time": "2026-01-30T13:34:26.351000+00:00",
     "humidity": 82.5,
     "temperature": -10.8
    },
    {
     "time": "2026-01-30T13:44:26.350000+00:00",
     "humidity": 83.0,
     "temperature": -11.2
    },
    {
     "time": "2026-01-30T13:54:26.335000+00:00",
     "humidity": 84.0,
     "temperature": -11.3
    },
    {
     "time": "2026-01-30T14:04:26.383000+00:00",
     "humidity": 85.0,
     "temperature": -11.6
    },
    {
     "time": "2026-01-30T14:14:26.327000+00:00",
     "humidity": 86.0,
     "temperature": -11.9
    },
    {
     "time": "2026-01-30T14:24:26.439000+00:00",
     "humidity": 87.0,
     "temperature": -12.0
    },
    {
     "time": "2026-01-30T14:34:26.420000+00:00",
     "humidity": 87.5,
     "temperature": -12.0
    },
    {
     "time": "2026-01-30T14:44:26.424000+00:00",
     "humidity": 88.5,
     "temperature": -12.0
    },
    {
     "time": "2026-01-30T14:54:26.352000+00:00",
     "humidity": 88.0,
     "temperature": -12.3
    },
    {
     "time": "2026-01-30T15:04:26.435000+00:00",
     "humidity": 88.0,
     "temperature": -12.9
    },
    {
     "time": "2026-01-30T15:14:26.513000+00:00",
     "humidity": 89.0,
     "temperature": -13.1
    },
    {
     "time": "2026-01-30T15:24:26.473000+00:00",
     "humidity": 89.5,
     "temperature": -13.3
    },
    {
     "time": "2026-01-30T15:34:26.402000+00:00",
     "humidity": 90.5,
     "temperature": -13.5
    },
    {
     "time": "2026-01-30T15:44:26.502000+00:00",
     "humidity": 89.0,
     "temperature": -14.2
    },
    {
     "time": "2026-01-30T15:54:26.425000+00:00",
     "humidity": 90.5,
     "temperature": -14.3
    },
    {
     "time": "2026-01-30T16:04:26.449000+00:00",
     "humidity": 92.0,
     "temperature": -14.0
    },
    {
     "time": "2026-01-30T16:14:26.486000+00:00",
     "humidity": 91.5,
     "temperature": -14.4
    },
    {
     "time": "2026-01-30T16:24:26.585000+00:00",
     "humidity": 90.0,
     "temperature": -15.0
    },
    {
     "time": "2026-01-30T16:34:26.580000+00:00",
     "humidity": 90.0,
     "temperature": -15.3
    },
    {
     "time": "2026-01-30T16:44:26.610000+00:00",
     "humidity": 91.0,
     "temperature": -15.4
    },
    {
     "time": "2026-01-30T16:54:26.490000+00:00",
     "humidity": 91.5,
     "temperature": -15.5
    },
    {
     "time": "2026-01-30T17:04:26.498000+00:00",
     "humidity": 92.0,
     "temperature": -15.6
    },
    {
     "time": "2026-01-30T17:14:26.546000+00:00",
     "humidity": 92.0,
     "temperature": -15.7
    },
    {
     "time": "2026-01-30T17:24:26.631000+00:00",
     "humidity": 91.5,
     "temperature": -15.0
    },
    {
     "time": "2026-01-30T17:34:26.604000+00:00",
     "humidity": 91.0,
     "temperature": -14.5
    },
    {
     "time": "2026-01-30T17:44:26.638000+00:00",
     "humidity": 90.5,
     "temperature": -14.5
    },
    {
     "time": "2026-01-30T17:54:26.650000+00:00",
     "humidity": 90.0,
     "temperature": -14.9
    },
    {
     "time": "2026-01-30T18:04:26.729000+00:00",
     "humidity": 89.5,
     "temperature": -15.4
    },
    {
     "time": "2026-01-30T18:14:26.653000+00:00",
     "humidity": 90.0,
     "temperature": -15.3
    },
    {
     "time": "2026-01-30T18:24:26.731000+00:00",
     "humidity": 90.5,
     "temperature": -15.1
    },
    {
     "time": "2026-01-30T18:34:26.753000+00:00",
     "humidity": 90.0,
     "temperature": -15.0
    },
    {
     "time": "2026-01-30T18:44:26.731000+00:00",
     "humidity": 90.0,
     "temperature": -15.2
    },
    {
     "time": "2026-01-30T18:54:26.741000+00:00",
     "humidity": 90.0,
     "temperature": -15.2
    },
    {
     "time": "2026-01-30T19:04:26.750000+00:00",
     "humidity": 90.0,
     "temperature": -15.3
    },
    {
     "time": "2026-01-30T19:14:26.735000+00:00",
     "humidity": 89.5,
     "temperature": -15.6
    },
    {
     "time": "2026-01-30T19:24:26.703000+00:00",
     "humidity": 90.0,
     "temperature": -15.6
    },
    {
     "time": "2026-01-30T19:34:26.774000+00:00",
     "humidity": 89.5,
     "temperature": -15.5
    },
    {
     "time": "2026-01-30T19:44:26.671000+00:00",
     "humidity": 90.0,
     "temperature": -15.4
    },
    {
     "time": "2026-01-30T19:54:26.894000+00:00",
     "humidity": 89.5,
     "temperature": -15.6
    },
    {
     "time": "2026-01-30T20:04:26.769000+00:00",
     "humidity": 89.5,
     "temperature": -15.6
    },
    {
     "time": "2026-01-30T20:14:26.711000+00:00",
     "humidity": 89.5,
     "temperature": -15.6
    },
    {
     "time": "2026-01-30T20:24:26.781000+00:00",
     "humidity": 89.5,
     "temperature": -15.8
    },
    {
     "time": "2026-01-30T20:34:26.837000+00:00",
     "humidity": 89.5,
     "temperature": -15.9
    },
    {
     "time": "2026-01-30T20:44:26.819000+00:00",
     "humidity": 89.5,
     "temperature": -15.9
    },
    {
     "time": "2026-01-30T20:54:26.855000+00:00",
     "humidity": 89.0,
     "temperature": -16.2
    },
    {
     "time": "2026-01-30T21:04:26.869000+00:00",
     "humidity": 89.5,
     "temperature": -16.2
    },
    {
     "time": "2026-01-30T21:14:26.903000+00:00",
     "humidity": 89.0,
     "temperature": -16.4
    },
    {
     "time": "2026-01-30T21:24:26.842000+00:00",
     "humidity": 89.5,
     "temperature": -16.5
    },
    {
     "time": "2026-01-30T21:34:26.933000+00:00",
     "humidity": 89.5,
     "temperature": -16.4
    },
    {
     "time": "2026-01-30T21:44:26.930000+00:00",
     "humidity": 89.5,
     "temperature": -16.5
    },
    {
     "time": "2026-01-30T21:54:26.980000+00:00",
     "humidity": 89.5,
     "temperature": -16.5
    },
    {
     "time": "2026-01-30T22:04:27.025000+00:00",
     "humidity": 89.0,
     "temperature": -16.6
    },
    {
     "time": "2026-01-30T22:14:27.060000+00:00",
     "humidity": 89.5,
     "temperature": -16.5
    },
    {
     "time": "2026-01-30T22:24:26.995000+00:00",
     "humidity": 89.0,
     "temperature": -16.8
    },
    {
     "time": "2026-01-30T22:34:27.012000+00:00",
     "humidity": 88.0,
     "temperature": -17.6
    },
    {
     "time": "2026-01-30T22:44:27.131000+00:00",
     "humidity": 88.5,
     "temperature": -17.6
    },
    {
     "time": "2026-01-30T22:54:27.030000+00:00",
     "humidity": 88.5,
     "temperature": -17.7
    },
    {
     "time": "2026-01-30T23:04:26.976000+00:00",
     "humidity": 89.0,
     "temperature": -17.6
    },
    {
     "time": "2026-01-30T23:14:27.073000+00:00",
     "humidity": 88.5,
     "temperature": -17.6
    },
    {
     "time": "2026-01-30T23:24:27.200000+00:00",
     "humidity": 89.0,
     "temperature": -17.5
    },
    {
     "time": "2026-01-30T23:34:27.121000+00:00",
     "humidity": 89.0,
     "temperature": -17.4
    },
    {
     "time": "2026-01-30T23:44:27.154000+00:00",
     "humidity": 88.5,
     "temperature": -17.4
    },
    {
     "time": "2026-01-30T23:54:27.181000+00:00",
     "humidity": 89.0,
     "temperature": -17.4
    },
    {
     "time": "2026-01-31T00:04:27.055000+00:00",
     "humidity": 89.0,
     "temperature": -17.3
    },
    {
     "time": "2026-01-31T00:14:27.050000+00:00",
     "humidity": 89.0,
     "temperature": -17.3
    },
    {
     "time": "2026-01-31T00:24:27.172000+00:00",
     "humidity": 89.0,
     "temperature": -17.4
    },
    {
     "time": "2026-01-31T00:34:27.240000+00:00",
     "humidity": 88.5,
     "temperature": -17.6
    },
    {
     "time": "2026-01-31T00:44:27.236000+00:00",
     "humidity": 88.5,
     "temperature": -17.6
    },
    {
     "time": "2026-01-31T00:54:27.225000+00:00",
     "humidity": 88.5,
     "temperature": -17.7
    },
    {
     "time": "2026-01-31T01:04:27.300000+00:00",
     "humidity": 88.0,
     "temperature": -18.0
    },
    {
     "time": "2026-01-31T01:14:27.298000+00:00",
     "humidity": 88.5,
     "temperature": -17.9
    },
    {
     "time": "2026-01-31T01:24:27.239000+00:00",
     "humidity": 88.5,
     "temperature": -17.9
    },
    {
     "time": "2026-01-31T01:34:27.380000+00:00",
     "humidity": 88.5,
     "temperature": -18.0
    },
    {
     "time": "2026-01-31T01:44:27.350000+00:00",
     "humidity": 88.5,
     "temperature": -18.1
    },
    {
     "time": "2026-01-31T01:54:27.280000+00:00",
     "humidity": 88.5,
     "temperature": -18.0
    },
    {
     "time": "2026-01-31T02:04:27.340000+00:00",
     "humidity": 88.5,
     "temperature": -18.1
    },
    {
     "time": "2026-01-31T02:14:27.335000+00:00",
     "humidity": 88.5,
     "temperature": -18.1
    },
    {
     "time": "2026-01-31T02:24:27.383000+00:00",
     "humidity": 88.5,
     "temperature": -18.2
    },
    {
     "time": "2026-01-31T02:34:27.280000+00:00",
     "humidity": 88.5,
     "temperature": -18.2
    },
    {
     "time": "2026-01-31T02:44:27.597000+00:00",
     "humidity": 88.5,
     "temperature": -18.3
    },
    {
     "time": "2026-01-31T02:54:27.480000+00:00",
     "humidity": 88.5,
     "temperature": -18.3
    },
    {
     "time": "2026-01-31T03:04:27.449000+00:00",
     "humidity": 88.0,
     "temperature": -18.3
    },
    {
     "time": "2026-01-31T03:14:27.492000+00:00",
     "humidity": 88.5,
     "temperature": -18.3
    },
    {
     "time": "2026-01-31T03:24:27.501000+00:00",
     "humidity": 88.5,
     "temperature": -18.3
    },
    {
     "time": "2026-01-31T03:34:27.512000+00:00",
     "humidity": 88.5,
     "temperature": -18.2
    },
    {
     "time": "2026-01-31T03:44:27.541000+00:00",
     "humidity": 88.5,
     "temperature": -18.2
    },
    {
     "time": "2026-01-31T03:54:27.641000+00:00",
     "humidity": 88.0,
     "temperature": -18.3
    },
    {
     "time": "2026-01-31T04:04:27.868000+00:00",
     "humidity": 88.0,
     "temperature": -18.5
    },
    {
     "time": "2026-01-31T04:14:27.622000+00:00",
     "humidity": 88.0,
     "temperature": -18.6
    },
    {
     "time": "2026-01-31T04:24:27.600000+00:00",
     "humidity": 88.0,
     "temperature": -18.8
    },
    {
     "time": "2026-01-31T04:34:27.783000+00:00",
     "humidity": 88.0,
     "temperature": -18.7
    },
    {
     "time": "2026-01-31T04:44:27.683000+00:00",
     "humidity": 88.0,
     "temperature": -19.0
    },
    {
     "time": "2026-01-31T04:54:27.798000+00:00",
     "humidity": 88.0,
     "temperature": -18.8
    },
    {
     "time": "2026-01-31T05:04:27.721000+00:00",
     "humidity": 88.0,
     "temperature": -18.9
    },
    {
     "time": "2026-01-31T05:14:27.714000+00:00",
     "humidity": 88.5,
     "temperature": -18.8
    },
    {
     "time": "2026-01-31T05:24:27.715000+00:00",
     "humidity": 88.0,
     "temperature": -18.8
    },
    {
     "time": "2026-01-31T05:34:27.668000+00:00",
     "humidity": 88.0,
     "temperature": -18.8
    },
    {
     "time": "2026-01-31T05:44:27.794000+00:00",
     "humidity": 88.5,
     "temperature": -18.8
    },
    {
     "time": "2026-01-31T05:54:27.791000+00:00",
     "humidity": 88.0,
     "temperature": -18.8
    },
    {
     "time": "2026-01-31T06:04:27.903000+00:00",
     "humidity": 88.0,
     "temperature": -18.9
    },
    {
     "time": "2026-01-31T06:14:27.657000+00:00",
     "humidity": 88.0,
     "temperature": -19.0
    },
    {
     "time": "2026-01-31T06:24:27.824000+00:00",
     "humidity": 88.0,
     "temperature": -19.0
    },
    {
     "time": "2026-01-31T06:34:27.913000+00:00",
     "humidity": 88.5,
     "temperature": -18.9
    },
    {
     "time": "2026-01-31T06:44:27.853000+00:00",
     "humidity": 88.0,
     "temperature": -19.0
    },
    {
     "time": "2026-01-31T06:54:27.737000+00:00",
     "humidity": 88.5,
     "temperature": -18.8
    },
    {
     "time": "2026-01-31T07:04:27.871000+00:00",
     "humidity": 88.0,
     "temperature": -18.9
    },
    {
     "time": "2026-01-31T07:14:27.910000+00:00",
     "humidity": 88.0,
     "temperature": -19.0
    },
    {
     "time": "2026-01-31T07:24:27.984000+00:00",
     "humidity": 88.0,
     "temperature": -19.0
    },
    {
     "time": "2026-01-31T07:34:27.954000+00:00",
     "humidity": 88.5,
     "temperature": -18.9
    },
    {
     "time": "2026-01-31T07:44:27.928000+00:00",
     "humidity": 88.5,
     "temperature": -18.7
    },
    {
     "time": "2026-01-31T07:54:28.028000+00:00",
     "humidity": 88.5,
     "temperature": -18.7
    },
    {
     "time": "2026-01-31T08:04:27.977000+00:00",
     "humidity": 88.5,
     "temperature": -18.7
    },
    {
     "time": "2026-01-31T08:14:27.956000+00:00",
     "humidity": 89.0,
     "temperature": -18.4
    },
    {
     "time": "2026-01-31T08:24:28.005000+00:00",
     "humidity": 89.0,
     "temperature": -18.0
    },
    {
     "time": "2026-01-31T08:34:28.016000+00:00",
     "humidity": 89.0,
     "temperature": -17.6
    },
    {
     "time": "2026-01-31T08:44:28.059000+00:00",
     "humidity": 89.5,
     "temperature": -17.2
    },
    {
     "time": "2026-01-31T08:54:28.088000+00:00",
     "humidity": 89.5,
     "temperature": -16.7
    },
    {
     "time": "2026-01-31T09:04:28.085000+00:00",
     "humidity": 89.5,
     "temperature": -16.2
    },
    {
     "time": "2026-01-31T09:14:28.124000+00:00",
     "humidity": 89.5,
     "temperature": -15.9
    },
    {
     "time": "2026-01-31T09:24:28.117000+00:00",
     "humidity": 89.5,
     "temperature": -15.5
    },
    {
     "time": "2026-01-31T09:34:28.148000+00:00",
     "humidity": 90.0,
     "temperature": -14.8
    },
    {
     "time": "2026-01-31T09:44:28.185000+00:00",
     "humidity": 89.5,
     "temperature": -14.4
    },
    {
     "time": "2026-01-31T09:54:28.153000+00:00",
     "humidity": 88.5,
     "temperature": -14.3
    },
    {
     "time": "2026-01-31T10:04:28.196000+00:00",
     "humidity": 85.0,
     "temperature": -14.0
    },
    {
     "time": "2026-01-31T10:14:28.231000+00:00",
     "humidity": 84.0,
     "temperature": -13.7
    },
    {
     "time": "2026-01-31T10:24:28.140000+00:00",
     "humidity": 82.5,
     "temperature": -13.6
    },
    {
     "time": "2026-01-31T10:34:28.179000+00:00",
     "humidity": 82.5,
     "temperature": -13.3
    },
    {
     "time": "2026-01-31T10:44:28.120000+00:00",
     "humidity": 83.0,
     "temperature": -13.3
    },
    {
     "time": "2026-01-31T10:54:28.202000+00:00",
     "humidity": 83.5,
     "temperature": -13.3
    },
    {
     "time": "2026-01-31T11:04:28.203000+00:00",
     "humidity": 84.0,
     "temperature": -13.5
    },
    {
     "time": "2026-01-31T11:14:28.390000+00:00",
     "humidity": 85.0,
     "temperature": -13.8
    },
    {
     "time": "2026-01-31T11:24:28.236000+00:00",
     "humidity": 85.5,
     "temperature": -13.9
    },
    {
     "time": "2026-01-31T11:34:28.239000+00:00",
     "humidity": 86.0,
     "temperature": -14.0
    },
    {
     "time": "2026-01-31T11:44:28.354000+00:00",
     "humidity": 86.5,
     "temperature": -14.0
    },
    {
     "time": "2026-01-31T11:54:28.257000+00:00",
     "humidity": 86.5,
     "temperature": -13.9
    },
    {
     "time": "2026-01-31T12:04:28.273000+00:00",
     "humidity": 86.0,
     "temperature": -13.9
    },
    {
     "time": "2026-01-31T12:14:28.319000+00:00",
     "humidity": 86.0,
     "temperature": -13.9
    },
    {
     "time": "2026-01-31T12:24:28.316000+00:00",
     "humidity": 86.5,
     "temperature": -13.8
    },
    {
     "time": "2026-01-31T12:34:28.440000+00:00",
     "humidity": 85.5,
     "temperature": -13.2
    },
    {
     "time": "2026-01-31T12:44:28.313000+00:00",
     "humidity": 83.0,
     "temperature": -12.6
    },
    {
     "time": "2026-01-31T12:54:28.359000+00:00",
     "humidity": 83.0,
     "temperature": -12.6
    },
    {
     "time": "2026-01-31T13:04:28.403000+00:00",
     "humidity": 82.5,
     "temperature": -12.8
    },
    {
     "time": "2026-01-31T13:14:28.400000+00:00",
     "humidity": 84.5,
     "temperature": -13.5
    },
    {
     "time": "2026-01-31T13:24:28.427000+00:00",
     "humidity": 85.5,
     "temperature": -13.7
    },
    {
     "time": "2026-01-31T13:34:28.379000+00:00",
     "humidity": 86.0,
     "temperature": -13.8
    },
    {
     "time": "2026-01-31T13:44:28.435000+00:00",
     "humidity": 86.5,
     "temperature": -14.0
    },
    {
     "time": "2026-01-31T13:54:28.358000+00:00",
     "humidity": 87.0,
     "temperature": -14.0
    },
    {
     "time": "2026-01-31T14:04:28.500000+00:00",
     "humidity": 87.0,
     "temperature": -14.3
    },
    {
     "time": "2026-01-31T14:14:28.395000+00:00",
     "humidity": 87.5,
     "temperature": -14.6
    },
    {
     "time": "2026-01-31T14:24:28.467000+00:00",
     "humidity": 88.5,
     "temperature": -14.8
    },
    {
     "time": "2026-01-31T14:34:28.509000+00:00",
     "humidity": 88.5,
     "temperature": -14.7
    },
    {
     "time": "2026-01-31T14:44:28.524000+00:00",
     "humidity": 88.0,
     "temperature": -15.1
    },
    {
     "time": "2026-01-31T14:54:28.461000+00:00",
     "humidity": 89.5,
     "temperature": -15.2
    },
    {
     "time": "2026-01-31T15:04:28.569000+00:00",
     "humidity": 89.5,
     "temperature": -15.3
    },
    {
     "time": "2026-01-31T15:14:28.608000+00:00",
     "humidity": 90.0,
     "temperature": -15.3
    },
    {
     "time": "2026-01-31T15:24:28.468000+00:00",
     "humidity": 90.5,
     "temperature": -15.3
    },
    {
     "time": "2026-01-31T15:34:28.422000+00:00",
     "humidity": 90.0,
     "temperature": -15.4
    },
    {
     "time": "2026-01-31T15:44:28.561000+00:00",
     "humidity": 90.5,
     "temperature": -15.5
    },
    {
     "time": "2026-01-31T15:54:28.477000+00:00",
     "humidity": 90.0,
     "temperature": -15.6
    },
    {
     "time": "2026-01-31T16:04:28.545000+00:00",
     "humidity": 90.5,
     "temperature": -15.8
    },
    {
     "time": "2026-01-31T16:14:28.610000+00:00",
     "humidity": 90.0,
     "temperature": -16.0
    },
    {
     "time": "2026-01-31T16:24:28.557000+00:00",
     "humidity": 90.5,
     "temperature": -16.0
    },
    {
     "time": "2026-01-31T16:34:28.671000+00:00",
     "humidity": 90.5,
     "temperature": -16.0
    },
    {
     "time": "2026-01-31T16:44:28.660000+00:00",
     "humidity": 90.5,
     "temperature": -16.1
    },
    {
     "time": "2026-01-31T16:54:28.701000+00:00",
     "humidity": 90.5,
     "temperature": -16.1
    },
    {
     "time": "2026-01-31T17:04:28.750000+00:00",
     "humidity": 91.0,
     "temperature": -16.2
    },
    {
     "time": "2026-01-31T17:14:28.632000+00:00",
     "humidity": 90.5,
     "temperature": -16.2
    },
    {
     "time": "2026-01-31T17:24:28.728000+00:00",
     "humidity": 91.0,
     "temperature": -16.1
    },
    {
     "time": "2026-01-31T17:34:28.683000+00:00",
     "humidity": 91.0,
     "temperature": -16.2
    },
    {
     "time": "2026-01-31T17:44:28.710000+00:00",
     "humidity": 91.0,
     "temperature": -16.0
    },
    {
     "time": "2026-01-31T17:54:28.758000+00:00",
     "humidity": 91.0,
     "temperature": -16.0
    },
    {
     "time": "2026-01-31T18:04:28.745000+00:00",
     "humidity": 91.0,
     "temperature": -16.0
    },
    {
     "time": "2026-01-31T18:14:28.753000+00:00",
     "humidity": 91.0,
     "temperature": -16.1
    },
    {
     "time": "2026-01-31T18:24:28.910000+00:00",
     "humidity": 90.5,
     "temperature": -16.1
    },
    {
     "time": "2026-01-31T18:34:28.851000+00:00",
     "humidity": 91.0,
     "temperature": -16.0
    },
    {
     "time": "2026-01-31T18:44:28.808000+00:00",
     "humidity": 91.0,
     "temperature": -16.1
    },
    {
     "time": "2026-01-31T18:54:28.821000+00:00",
     "humidity": 90.5,
     "temperature": -16.3
    },
    {
     "time": "2026-01-31T19:04:28.879000+00:00",
     "humidity": 90.5,
     "temperature": -16.2
    },
    {
     "time": "2026-01-31T19:14:28.839000+00:00",
     "humidity": 90.5,
     "temperature": -16.2
    },
    {
     "time": "2026-01-31T19:24:28.970000+00:00",
     "humidity": 90.5,
     "temperature": -16.4
    },
    {
     "time": "2026-01-31T19:34:29.026000+00:00",
     "humidity": 90.5,
     "temperature": -16.4
    },
    {
     "time": "2026-01-31T19:44:28.907000+00:00",
     "humidity": 90.0,
     "temperature": -16.7
    },
    {
     "time": "2026-01-31T19:54:28.915000+00:00",
     "humidity": 89.5,
     "temperature": -16.9
    },
    {
     "time": "2026-01-31T20:04:28.918000+00:00",
     "humidity": 90.0,
     "temperature": -17.0
    },
    {
     "time": "2026-01-31T20:14:29+00:00",
     "humidity": 90.5,
     "temperature": -16.9
    },
    {
     "time": "2026-01-31T20:24:28.851000+00:00",
     "humidity": 90.0,
     "temperature": -17.0
    },
    {
     "time": "2026-01-31T20:34:28.936000+00:00",
     "humidity": 89.5,
     "temperature": -17.1
    },
    {
     "time": "2026-01-31T20:44:28.899000+00:00",
     "humidity": 90.0,
     "temperature": -17.1
    },
    {
     "time": "2026-01-31T20:54:29.040000+00:00",
     "humidity": 89.0,
     "temperature": -17.4
    },
    {
     "time": "2026-01-31T21:04:29.009000+00:00",
     "humidity": 90.0,
     "temperature": -17.4
    },
    {
     "time": "2026-01-31T21:14:29.021000+00:00",
     "humidity": 89.5,
     "temperature": -17.7
    },
    {
     "time": "2026-01-31T21:24:29.062000+00:00",
     "humidity": 89.5,
     "temperature": -17.8
    },
    {
     "time": "2026-01-31T21:34:29.011000+00:00",
     "humidity": 90.0,
     "temperature": -17.9
    },
    {
     "time": "2026-01-31T21:44:29.094000+00:00",
     "humidity": 90.0,
     "temperature": -17.8
    },
    {
     "time": "2026-01-31T21:54:29.146000+00:00",
     "humidity": 90.5,
     "temperature": -17.6
    },
    {
     "time": "2026-01-31T22:04:29.118000+00:00",
     "humidity": 90.5,
     "temperature": -17.6
    },
    {
     "time": "2026-01-31T22:14:29.212000+00:00",
     "humidity": 90.0,
     "temperature": -17.6
    },
    {
     "time": "2026-01-31T22:24:29.198000+00:00",
     "humidity": 90.0,
     "temperature": -17.7
    },
    {
     "time": "2026-01-31T22:34:29.248000+00:00",
     "humidity": 90.0,
     "temperature": -17.7
    },
    {
     "time": "2026-01-31T22:44:29.166000+00:00",
     "humidity": 90.0,
     "temperature": -17.7
    },
    {
     "time": "2026-01-31T22:54:29.279000+00:00",
     "humidity": 89.5,
     "temperature": -17.8
    },
    {
     "time": "2026-01-31T23:04:29.204000+00:00",
     "humidity": 89.5,
     "temperature": -18.0
    },
    {
     "time": "2026-01-31T23:14:29.185000+00:00",
     "humidity": 89.0,
     "temperature": -18.1
    },
    {
     "time": "2026-01-31T23:24:29.249000+00:00",
     "humidity": 89.0,
     "temperature": -18.2
    },
    {
     "time": "2026-01-31T23:34:29.273000+00:00",
     "humidity": 89.0,
     "temperature": -18.4
    },
    {
     "time": "2026-01-31T23:44:29.457000+00:00",
     "humidity": 89.5,
     "temperature": -18.4
    },
    {
     "time": "2026-01-31T23:54:29.449000+00:00",
     "humidity": 89.5,
     "temperature": -18.5
    },
    {
     "time": "2026-02-01T00:04:29.310000+00:00",
     "humidity": 89.5,
     "temperature": -18.4
    },
    {
     "time": "2026-02-01T00:14:29.334000+00:00",
     "humidity": 89.5,
     "temperature": -18.6
    },
    {
     "time": "2026-02-01T00:24:29.390000+00:00",
     "humidity": 89.5,
     "temperature": -18.6
    },
    {
     "time": "2026-02-01T00:34:29.376000+00:00",
     "humidity": 89.5,
     "temperature": -18.6
    },
    {
     "time": "2026-02-01T00:44:29.560000+00:00",
     "humidity": 89.5,
     "temperature": -18.5
    },
    {
     "time": "2026-02-01T00:54:29.389000+00:00",
     "humidity": 90.0,
     "temperature": -18.5
    },
    {
     "time": "2026-02-01T01:04:29.566000+00:00",
     "humidity": 89.5,
     "temperature": -18.5
    },
    {
     "time": "2026-02-01T01:14:29.466000+00:00",
     "humidity": 88.5,
     "temperature": -18.8
    },
    {
     "time": "2026-02-01T01:24:29.352000+00:00",
     "humidity": 88.5,
     "temperature": -19.0
    },
    {
     "time": "2026-02-01T01:34:29.571000+00:00",
     "humidity": 89.0,
     "temperature": -18.8
    },
    {
     "time": "2026-02-01T01:44:29.433000+00:00",
     "humidity": 89.0,
     "temperature": -18.7
    },
    {
     "time": "2026-02-01T01:54:29.605000+00:00",
     "humidity": 89.5,
     "temperature": -18.6
    },
    {
     "time": "2026-02-01T02:04:29.568000+00:00",
     "humidity": 90.0,
     "temperature": -18.4
    },
    {
     "time": "2026-02-01T02:14:29.565000+00:00",
     "humidity": 90.5,
     "temperature": -18.2
    },
    {
     "time": "2026-02-01T02:24:29.634000+00:00",
     "humidity": 89.5,
     "temperature": -18.6
    },
    {
     "time": "2026-02-01T02:34:29.547000+00:00",
     "humidity": 88.0,
     "temperature": -18.9
    },
    {
     "time": "2026-02-01T02:44:29.648000+00:00",
     "humidity": 88.5,
     "temperature": -18.9
    },
    {
     "time": "2026-02-01T02:54:29.614000+00:00",
     "humidity": 88.0,
     "temperature": -19.2
    },
    {
     "time": "2026-02-01T03:04:29.693000+00:00",
     "humidity": 88.0,
     "temperature": -19.2
    },
    {
     "time": "2026-02-01T03:14:29.639000+00:00",
     "humidity": 87.0,
     "temperature": -19.6
    },
    {
     "time": "2026-02-01T03:24:29.741000+00:00",
     "humidity": 88.0,
     "temperature": -19.6
    },
    {
     "time": "2026-02-01T03:34:29.641000+00:00",
     "humidity": 88.5,
     "temperature": -19.4
    },
    {
     "time": "2026-02-01T03:44:29.733000+00:00",
     "humidity": 88.5,
     "temperature": -19.5
    },
    {
     "time": "2026-02-01T03:54:29.744000+00:00",
     "humidity": 88.0,
     "temperature": -19.6
    },
    {
     "time": "2026-02-01T04:04:29.673000+00:00",
     "humidity": 88.0,
     "temperature": -19.7
    },
    {
     "time": "2026-02-01T04:14:29.753000+00:00",
     "humidity": 88.0,
     "temperature": -19.8
    },
    {
     "time": "2026-02-01T04:24:29.874000+00:00",
     "humidity": 88.5,
     "temperature": -19.6
    },
    {
     "time": "2026-02-01T04:34:29.813000+00:00",
     "humidity": 88.0,
     "temperature": -19.6
    },
    {
     "time": "2026-02-01T04:44:29.834000+00:00",
     "humidity": 87.5,
     "temperature": -19.8
    },
    {
     "time": "2026-02-01T04:54:29.828000+00:00",
     "humidity": 88.5,
     "temperature": -19.6
    },
    {
     "time": "2026-02-01T05:04:29.871000+00:00",
     "humidity": 88.5,
     "temperature": -19.4
    },
    {
     "time": "2026-02-01T05:14:29.843000+00:00",
     "humidity": 88.5,
     "temperature": -19.3
    },
    {
     "time": "2026-02-01T05:24:29.961000+00:00",
     "humidity": 89.0,
     "temperature": -19.3
    },
    {
     "time": "2026-02-01T05:34:29.895000+00:00",
     "humidity": 89.5,
     "temperature": -19.0
    },
    {
     "time": "2026-02-01T05:44:30.010000+00:00",
     "humidity": 90.5,
     "temperature": -18.9
    },
    {
     "time": "2026-02-01T05:54:29.957000+00:00",
     "humidity": 91.0,
     "temperature": -18.7
    },
    {
     "time": "2026-02-01T06:04:30.002000+00:00",
     "humidity": 91.0,
     "temperature": -18.6
    },
    {
     "time": "2026-02-01T06:14:30+00:00",
     "humidity": 91.0,
     "temperature": -18.6
    },
    {
     "time": "2026-02-01T06:24:30.090000+00:00",
     "humidity": 91.0,
     "temperature": -18.4
    },
    {
     "time": "2026-02-01T06:34:29.880000+00:00",
     "humidity": 90.5,
     "temperature": -18.3
    },
    {
     "time": "2026-02-01T06:44:30.018000+00:00",
     "humidity": 90.5,
     "temperature": -18.2
    },
    {
     "time": "2026-02-01T06:54:30.085000+00:00",
     "humidity": 90.0,
     "temperature": -18.1
    },
    {
     "time": "2026-02-01T07:04:30.019000+00:00",
     "humidity": 89.0,
     "temperature": -18.1
    },
    {
     "time": "2026-02-01T07:14:30.107000+00:00",
     "humidity": 88.5,
     "temperature": -18.1
    },
    {
     "time": "2026-02-01T07:24:30.103000+00:00",
     "humidity": 88.0,
     "temperature": -18.1
    },
    {
     "time": "2026-02-01T07:34:30.204000+00:00",
     "humidity": 88.0,
     "temperature": -18.0
    },
    {
     "time": "2026-02-01T07:44:30.121000+00:00",
     "humidity": 88.0,
     "temperature": -17.9
    },
    {
     "time": "2026-02-01T07:54:30.212000+00:00",
     "humidity": 87.5,
     "temperature": -17.7
    },
    {
     "time": "2026-02-01T08:04:30.200000+00:00",
     "humidity": 87.5,
     "temperature": -17.6
    },
    {
     "time": "2026-02-01T08:14:30.230000+00:00",
     "humidity": 87.0,
     "temperature": -17.6
    },
    {
     "time": "2026-02-01T08:24:30.243000+00:00",
     "humidity": 87.0,
     "temperature": -17.5
    },
    {
     "time": "2026-02-01T08:34:30.262000+00:00",
     "humidity": 87.0,
     "temperature": -17.5
    },
    {
     "time": "2026-02-01T08:44:30.243000+00:00",
     "humidity": 87.0,
     "temperature": -17.3
    },
    {
     "time": "2026-02-01T08:54:30.246000+00:00",
     "humidity": 86.5,
     "temperature": -16.8
    },
    {
     "time": "2026-02-01T09:04:30.204000+00:00",
     "humidity": 86.0,
     "temperature": -16.5
    },
    {
     "time": "2026-02-01T09:14:30.223000+00:00",
     "humidity": 85.0,
     "temperature": -16.2
    },
    {
     "time": "2026-02-01T09:24:30.237000+00:00",
     "humidity": 85.5,
     "temperature": -15.6
    },
    {
     "time": "2026-02-01T09:34:30.330000+00:00",
     "humidity": 85.0,
     "temperature": -14.9
    },
    {
     "time": "2026-02-01T09:44:30.320000+00:00",
     "humidity": 83.5,
     "temperature": -14.5
    },
    {
     "time": "2026-02-01T09:54:30.383000+00:00",
     "humidity": 83.0,
     "temperature": -14.2
    },
    {
     "time": "2026-02-01T10:04:30.276000+00:00",
     "humidity": 82.5,
     "temperature": -14.1
    },
    {
     "time": "2026-02-01T10:14:30.431000+00:00",
     "humidity": 82.5,
     "temperature": -13.8
    },
    {
     "time": "2026-02-01T10:24:30.457000+00:00",
     "humidity": 82.5,
     "temperature": -13.3
    },
    {
     "time": "2026-02-01T10:34:30.401000+00:00",
     "humidity": 80.5,
     "temperature": -13.0
    },
    {
     "time": "2026-02-01T10:44:30.471000+00:00",
     "humidity": 81.0,
     "temperature": -13.1
    },
    {
     "time": "2026-02-01T10:54:30.391000+00:00",
     "humidity": 80.5,
     "temperature": -13.1
    },
    {
     "time": "2026-02-01T11:04:30.392000+00:00",
     "humidity": 81.5,
     "temperature": -13.8
    },
    {
     "time": "2026-02-01T11:14:30.361000+00:00",
     "humidity": 83.0,
     "temperature": -14.0
    },
    {
     "time": "2026-02-01T11:24:30.417000+00:00",
     "humidity": 84.0,
     "temperature": -14.5
    },
    {
     "time": "2026-02-01T11:34:30.439000+00:00",
     "humidity": 84.5,
     "temperature": -14.8
    },
    {
     "time": "2026-02-01T11:44:30.432000+00:00",
     "humidity": 85.5,
     "temperature": -14.8
    },
    {
     "time": "2026-02-01T11:54:30.509000+00:00",
     "humidity": 85.5,
     "temperature": -14.8
    },
    {
     "time": "2026-02-01T12:04:30.529000+00:00",
     "humidity": 85.0,
     "temperature": -14.8
    },
    {
     "time": "2026-02-01T12:14:30.476000+00:00",
     "humidity": 85.0,
     "temperature": -14.9
    },
    {
     "time": "2026-02-01T12:24:30.528000+00:00",
     "humidity": 85.5,
     "temperature": -14.8
    },
    {
     "time": "2026-02-01T12:34:30.589000+00:00",
     "humidity": 85.0,
     "temperature": -14.0
    },
    {
     "time": "2026-02-01T12:44:30.441000+00:00",
     "humidity": 81.5,
     "temperature": -13.5
    },
    {
     "time": "2026-02-01T12:54:30.560000+00:00",
     "humidity": 80.0,
     "temperature": -13.4
    },
    {
     "time": "2026-02-01T13:04:30.506000+00:00",
     "humidity": 78.5,
     "temperature": -13.8
    },
    {
     "time": "2026-02-01T13:14:30.619000+00:00",
     "humidity": 80.0,
     "temperature": -14.5
    },
    {
     "time": "2026-02-01T13:24:30.680000+00:00",
     "humidity": 80.0,
     "temperature": -14.9
    },
    {
     "time": "2026-02-01T13:34:30.599000+00:00",
     "humidity": 81.5,
     "temperature": -15.3
    },
    {
     "time": "2026-02-01T13:44:30.629000+00:00",
     "humidity": 82.0,
     "temperature": -15.7
    },
    {
     "time": "2026-02-01T13:54:30.695000+00:00",
     "humidity": 82.0,
     "temperature": -15.9
    },
    {
     "time": "2026-02-01T14:04:30.691000+00:00",
     "humidity": 82.0,
     "temperature": -16.2
    },
    {
     "time": "2026-02-01T14:14:30.579000+00:00",
     "humidity": 84.0,
     "temperature": -16.3
    },
    {
     "time": "2026-02-01T14:24:30.647000+00:00",
     "humidity": 85.5,
     "temperature": -16.2
    },
    {
     "time": "2026-02-01T14:34:30.759000+00:00",
     "humidity": 86.0,
     "temperature": -16.3
    },
    {
     "time": "2026-02-01T14:44:30.692000+00:00",
     "humidity": 86.0,
     "temperature": -16.5
    },
    {
     "time": "2026-02-01T14:54:30.667000+00:00",
     "humidity": 86.0,
     "temperature": -16.9
    },
    {
     "time": "2026-02-01T15:04:30.688000+00:00",
     "humidity": 86.5,
     "temperature": -17.1
    },
    {
     "time": "2026-02-01T15:14:30.779000+00:00",
     "humidity": 87.0,
     "temperature": -17.5
    },
    {
     "time": "2026-02-01T15:24:30.745000+00:00",
     "humidity": 87.5,
     "temperature": -17.3
    },
    {
     "time": "2026-02-01T15:34:30.848000+00:00",
     "humidity": 87.5,
     "temperature": -17.7
    },
    {
     "time": "2026-02-01T15:44:30.783000+00:00",
     "humidity": 88.0,
     "temperature": -17.7
    },
    {
     "time": "2026-02-01T15:54:30.771000+00:00",
     "humidity": 88.5,
     "temperature": -17.7
    },
    {
     "time": "2026-02-01T16:04:30.904000+00:00",
     "humidity": 89.0,
     "temperature": -17.8
    },
    {
     "time": "2026-02-01T16:14:30.674000+00:00",
     "humidity": 88.5,
     "temperature": -17.6
    },
    {
     "time": "2026-02-01T16:24:30.856000+00:00",
     "humidity": 88.0,
     "temperature": -17.8
    },
    {
     "time": "2026-02-01T16:34:30.890000+00:00",
     "humidity": 87.5,
     "temperature": -18.1
    },
    {
     "time": "2026-02-01T16:44:30.889000+00:00",
     "humidity": 88.0,
     "temperature": -18.3
    },
    {
     "time": "2026-02-01T16:54:30.890000+00:00",
     "humidity": 88.5,
     "temperature": -18.3
    },
    {
     "time": "2026-02-01T17:04:30.791000+00:00",
     "humidity": 89.0,
     "temperature": -18.2
    },
    {
     "time": "2026-02-01T17:14:30.897000+00:00",
     "humidity": 88.0,
     "temperature": -18.3
    },
    {
     "time": "2026-02-01T17:24:31.046000+00:00",
     "humidity": 88.0,
     "temperature": -18.1
    },
    {
     "time": "2026-02-01T17:34:31.053000+00:00",
     "humidity": 88.0,
     "temperature": -18.3
    },
    {
     "time": "2026-02-01T17:44:31.051000+00:00",
     "humidity": 87.5,
     "temperature": -18.5
    },
    {
     "time": "2026-02-01T17:54:30.968000+00:00",
     "humidity": 87.5,
     "temperature": -18.7
    },
    {
     "time": "2026-02-01T18:04:30.930000+00:00",
     "humidity": 88.0,
     "temperature": -18.8
    },
    {
     "time": "2026-02-01T18:14:31.113000+00:00",
     "humidity": 88.5,
     "temperature": -18.7
    },
    {
     "time": "2026-02-01T18:24:31.050000+00:00",
     "humidity": 88.0,
     "temperature": -18.5
    },
    {
     "time": "2026-02-01T18:34:31.030000+00:00",
     "humidity": 87.0,
     "temperature": -18.8
    },
    {
     "time": "2026-02-01T18:44:31.108000+00:00",
     "humidity": 87.0,
     "temperature": -18.9
    },
    {
     "time": "2026-02-01T18:54:30.956000+00:00",
     "humidity": 87.0,
     "temperature": -19.0
    },
    {
     "time": "2026-02-01T19:04:31.125000+00:00",
     "humidity": 87.5,
     "temperature": -19.2
    },
    {
     "time": "2026-02-01T19:14:31.105000+00:00",
     "humidity": 87.5,
     "temperature": -19.3
    },
    {
     "time": "2026-02-01T19:24:31.249000+00:00",
     "humidity": 87.0,
     "temperature": -19.4
    },
    {
     "time": "2026-02-01T19:34:31.186000+00:00",
     "humidity": 87.0,
     "temperature": -19.4
    },
    {
     "time": "2026-02-01T19:44:31.180000+00:00",
     "humidity": 87.0,
     "temperature": -19.5
    },
    {
     "time": "2026-02-01T19:54:31.372000+00:00",
     "humidity": 87.5,
     "temperature": -19.5
    },
    {
     "time": "2026-02-01T20:04:31.230000+00:00",
     "humidity": 87.0,
     "temperature": -19.6
    },
    {
     "time": "2026-02-01T20:14:31.314000+00:00",
     "humidity": 86.5,
     "temperature": -19.7
    },
    {
     "time": "2026-02-01T20:24:31.283000+00:00",
     "humidity": 86.5,
     "temperature": -19.7
    },
    {
     "time": "2026-02-01T20:34:31.275000+00:00",
     "humidity": 86.0,
     "temperature": -19.8
    },
    {
     "time": "2026-02-01T20:44:31.353000+00:00",
     "humidity": 86.5,
     "temperature": -19.8
    },
    {
     "time": "2026-02-01T20:54:31.251000+00:00",
     "humidity": 86.0,
     "temperature": -19.7
    },
    {
     "time": "2026-02-01T21:04:31.376000+00:00",
     "humidity": 86.0,
     "temperature": -19.8
    },
    {
     "time": "2026-02-01T21:14:31.366000+00:00",
     "humidity": 86.0,
     "temperature": -19.6
    },
    {
     "time": "2026-02-01T21:24:31.373000+00:00",
     "humidity": 85.5,
     "temperature": -19.8
    },
    {
     "time": "2026-02-01T21:34:31.475000+00:00",
     "humidity": 85.5,
     "temperature": -19.8
    },
    {
     "time": "2026-02-01T21:44:31.276000+00:00",
     "humidity": 85.5,
     "temperature": -19.9
    },
    {
     "time": "2026-02-01T21:54:31.589000+00:00",
     "humidity": 85.0,
     "temperature": -20.0
    },
    {
     "time": "2026-02-01T22:04:31.488000+00:00",
     "humidity": 85.0,
     "temperature": -19.9
    },
    {
     "time": "2026-02-01T22:14:31.433000+00:00",
     "humidity": 84.5,
     "temperature": -20.0
    },
    {
     "time": "2026-02-01T22:24:31.470000+00:00",
     "humidity": 84.5,
     "temperature": -20.1
    },
    {
     "time": "2026-02-01T22:34:31.462000+00:00",
     "humidity": 84.0,
     "temperature": -20.4
    },
    {
     "time": "2026-02-01T22:44:31.623000+00:00",
     "humidity": 84.5,
     "temperature": -20.5
    },
    {
     "time": "2026-02-01T22:54:31.516000+00:00",
     "humidity": 84.5,
     "temperature": -20.4
    },
    {
     "time": "2026-02-01T23:04:31.583000+00:00",
     "humidity": 84.5,
     "temperature": -20.4
    },
    {
     "time": "2026-02-01T23:14:31.601000+00:00",
     "humidity": 84.0,
     "temperature": -20.3
    },
    {
     "time": "2026-02-01T23:24:31.566000+00:00",
     "humidity": 83.5,
     "temperature": -20.3
    },
    {
     "time": "2026-02-01T23:34:31.643000+00:00",
     "humidity": 83.5,
     "temperature": -20.3
    },
    {
     "time": "2026-02-01T23:44:31.657000+00:00",
     "humidity": 83.5,
     "temperature": -20.1
    },
    {
     "time": "2026-02-01T23:54:31.612000+00:00",
     "humidity": 83.0,
     "temperature": -20.0
    },
    {
     "time": "2026-02-02T00:04:31.706000+00:00",
     "humidity": 82.5,
     "temperature": -20.0
    },
    {
     "time": "2026-02-02T00:14:31.711000+00:00",
     "humidity": 82.0,
     "temperature": -20.4
    },
    {
     "time": "2026-02-02T00:24:31.778000+00:00",
     "humidity": 83.0,
     "temperature": -20.6
    },
    {
     "time": "2026-02-02T00:34:31.694000+00:00",
     "humidity": 83.0,
     "temperature": -20.7
    },
    {
     "time": "2026-02-02T00:44:31.660000+00:00",
     "humidity": 83.0,
     "temperature": -20.5
    },
    {
     "time": "2026-02-02T00:54:31.762000+00:00",
     "humidity": 82.5,
     "temperature": -20.6
    },
    {
     "time": "2026-02-02T01:04:31.779000+00:00",
     "humidity": 82.5,
     "temperature": -20.8
    },
    {
     "time": "2026-02-02T01:14:31.824000+00:00",
     "humidity": 83.0,
     "temperature": -20.5
    },
    {
     "time": "2026-02-02T01:24:31.809000+00:00",
     "humidity": 82.0,
     "temperature": -20.4
    },
    {
     "time": "2026-02-02T01:34:31.804000+00:00",
     "humidity": 81.5,
     "temperature": -20.4
    },
    {
     "time": "2026-02-02T01:44:31.823000+00:00",
     "humidity": 81.0,
     "temperature": -20.4
    },
    {
     "time": "2026-02-02T01:54:31.992000+00:00",
     "humidity": 81.0,
     "temperature": -20.3
    },
    {
     "time": "2026-02-02T02:04:31.942000+00:00",
     "humidity": 81.0,
     "temperature": -20.3
    },
    {
     "time": "2026-02-02T02:14:31.893000+00:00",
     "humidity": 80.5,
     "temperature": -20.4
    },
    {
     "time": "2026-02-02T02:24:31.971000+00:00",
     "humidity": 80.5,
     "temperature": -20.2
    },
    {
     "time": "2026-02-02T02:34:32.091000+00:00",
     "humidity": 80.0,
     "temperature": -20.2
    },
    {
     "time": "2026-02-02T02:44:32.066000+00:00",
     "humidity": 80.5,
     "temperature": -20.3
    },
    {
     "time": "2026-02-02T02:54:32.019000+00:00",
     "humidity": 80.0,
     "temperature": -20.2
    },
    {
     "time": "2026-02-02T03:04:32.055000+00:00",
     "humidity": 79.5,
     "temperature": -19.9
    },
    {
     "time": "2026-02-02T03:14:32.033000+00:00",
     "humidity": 79.5,
     "temperature": -19.9
    },
    {
     "time": "2026-02-02T03:24:32.110000+00:00",
     "humidity": 79.0,
     "temperature": -19.8
    },
    {
     "time": "2026-02-02T03:34:32.027000+00:00",
     "humidity": 79.0,
     "temperature": -19.9
    },
    {
     "time": "2026-02-02T03:44:32.029000+00:00",
     "humidity": 79.5,
     "temperature": -20.1
    },
    {
     "time": "2026-02-02T03:54:32.134000+00:00",
     "humidity": 79.0,
     "temperature": -19.7
    },
    {
     "time": "2026-02-02T04:04:32.128000+00:00",
     "humidity": 79.0,
     "temperature": -19.6
    },
    {
     "time": "2026-02-02T04:14:32.294000+00:00",
     "humidity": 78.5,
     "temperature": -19.6
    },
    {
     "time": "2026-02-02T04:24:32.163000+00:00",
     "humidity": 78.0,
     "temperature": -19.4
    },
    {
     "time": "2026-02-02T04:34:32.207000+00:00",
     "humidity": 78.0,
     "temperature": -19.5
    },
    {
     "time": "2026-02-02T04:44:32.239000+00:00",
     "humidity": 78.0,
     "temperature": -19.3
    },
    {
     "time": "2026-02-02T04:54:32.101000+00:00",
     "humidity": 78.0,
     "temperature": -19.2
    },
    {
     "time": "2026-02-02T05:04:32.301000+00:00",
     "humidity": 77.5,
     "temperature": -19.0
    },
    {
     "time": "2026-02-02T05:14:32.290000+00:00",
     "humidity": 76.5,
     "temperature": -18.8
    },
    {
     "time": "2026-02-02T05:24:32.352000+00:00",
     "humidity": 76.5,
     "temperature": -18.9
    },
    {
     "time": "2026-02-02T05:34:32.362000+00:00",
     "humidity": 77.0,
     "temperature": -19.0
    },
    {
     "time": "2026-02-02T05:44:32.399000+00:00",
     "humidity": 76.0,
     "temperature": -18.6
    },
    {
     "time": "2026-02-02T05:54:32.437000+00:00",
     "humidity": 76.0,
     "temperature": -18.6
    },
    {
     "time": "2026-02-02T06:04:32.474000+00:00",
     "humidity": 76.0,
     "temperature": -18.7
    },
    {
     "time": "2026-02-02T06:14:32.372000+00:00",
     "humidity": 76.0,
     "temperature": -18.7
    },
    {
     "time": "2026-02-02T06:24:32.458000+00:00",
     "humidity": 76.0,
     "temperature": -18.7
    },
    {
     "time": "2026-02-02T06:34:32.375000+00:00",
     "humidity": 76.5,
     "temperature": -18.7
    },
    {
     "time": "2026-02-02T06:44:32.419000+00:00",
     "humidity": 77.0,
     "temperature": -18.8
    },
    {
     "time": "2026-02-02T06:54:32.476000+00:00",
     "humidity": 77.0,
     "temperature": -18.7
    },
    {
     "time": "2026-02-02T07:04:32.662000+00:00",
     "humidity": 76.5,
     "temperature": -18.6
    },
    {
     "time": "2026-02-02T07:14:32.536000+00:00",
     "humidity": 76.5,
     "temperature": -18.4
    },
    {
     "time": "2026-02-02T07:24:32.512000+00:00",
     "humidity": 75.5,
     "temperature": -18.2
    },
    {
     "time": "2026-02-02T07:34:32.520000+00:00",
     "humidity": 75.5,
     "temperature": -18.1
    },
    {
     "time": "2026-02-02T07:44:32.567000+00:00",
     "humidity": 75.0,
     "temperature": -17.8
    },
    {
     "time": "2026-02-02T07:54:32.581000+00:00",
     "humidity": 75.5,
     "temperature": -17.7
    },
    {
     "time": "2026-02-02T08:04:32.596000+00:00",
     "humidity": 75.0,
     "temperature": -17.7
    },
    {
     "time": "2026-02-02T08:14:32.697000+00:00",
     "humidity": 75.0,
     "temperature": -17.5
    },
    {
     "time": "2026-02-02T08:24:32.598000+00:00",
     "humidity": 75.0,
     "temperature": -17.2
    },
    {
     "time": "2026-02-02T08:34:32.628000+00:00",
     "humidity": 74.0,
     "temperature": -16.9
    },
    {
     "time": "2026-02-02T08:44:32.642000+00:00",
     "humidity": 73.0,
     "temperature": -16.1
    },
    {
     "time": "2026-02-02T08:54:32.614000+00:00",
     "humidity": 70.5,
     "temperature": -15.6
    },
    {
     "time": "2026-02-02T09:04:32.770000+00:00",
     "humidity": 70.0,
     "temperature": -15.2
    },
    {
     "time": "2026-02-02T09:14:32.647000+00:00",
     "humidity": 70.0,
     "temperature": -14.8
    },
    {
     "time": "2026-02-02T09:24:32.682000+00:00",
     "humidity": 68.5,
     "temperature": -14.2
    },
    {
     "time": "2026-02-02T09:34:32.773000+00:00",
     "humidity": 68.0,
     "temperature": -13.7
    },
    {
     "time": "2026-02-02T09:44:32.788000+00:00",
     "humidity": 66.5,
     "temperature": -13.5
    },
    {
     "time": "2026-02-02T09:54:32.571000+00:00",
     "humidity": 67.5,
     "temperature": -13.0
    },
    {
     "time": "2026-02-02T10:04:32.763000+00:00",
     "humidity": 65.5,
     "temperature": -12.8
    },
    {
     "time": "2026-02-02T10:14:32.811000+00:00",
     "humidity": 64.5,
     "temperature": -12.6
    },
    {
     "time": "2026-02-02T10:24:32.851000+00:00",
     "humidity": 65.0,
     "temperature": -12.4
    },
    {
     "time": "2026-02-02T10:34:32.780000+00:00",
     "humidity": 65.5,
     "temperature": -12.3
    },
    {
     "time": "2026-02-02T10:44:32.769000+00:00",
     "humidity": 65.5,
     "temperature": -12.3
    },
    {
     "time": "2026-02-02T10:54:32.829000+00:00",
     "humidity": 66.5,
     "temperature": -12.1
    },
    {
     "time": "2026-02-02T11:04:32.765000+00:00",
     "humidity": 65.0,
     "temperature": -12.5
    },
    {
     "time": "2026-02-02T11:14:32.836000+00:00",
     "humidity": 67.5,
     "temperature": -12.5
    },
    {
     "time": "2026-02-02T11:24:32.821000+00:00",
     "humidity": 68.5,
     "temperature": -12.7
    },
    {
     "time": "2026-02-02T11:34:32.889000+00:00",
     "humidity": 68.0,
     "temperature": -12.6
    },
    {
     "time": "2026-02-02T11:44:32.910000+00:00",
     "humidity": 68.5,
     "temperature": -12.5
    },
    {
     "time": "2026-02-02T11:54:32.836000+00:00",
     "humidity": 68.0,
     "temperature": -12.4
    },
    {
     "time": "2026-02-02T12:04:32.816000+00:00",
     "humidity": 68.0,
     "temperature": -12.3
    },
    {
     "time": "2026-02-02T12:14:32.932000+00:00",
     "humidity": 67.5,
     "temperature": -12.0
    },
    {
     "time": "2026-02-02T12:24:32.872000+00:00",
     "humidity": 67.0,
     "temperature": -11.9
    },
    {
     "time": "2026-02-02T12:34:32.904000+00:00",
     "humidity": 65.5,
     "temperature": -11.5
    },
    {
     "time": "2026-02-02T12:44:32.930000+00:00",
     "humidity": 64.5,
     "temperature": -11.1
    },
    {
     "time": "2026-02-02T12:54:32.908000+00:00",
     "humidity": 65.5,
     "temperature": -11.3
    },
    {
     "time": "2026-02-02T13:04:32.901000+00:00",
     "humidity": 66.0,
     "temperature": -11.4
    },
    {
     "time": "2026-02-02T13:14:32.883000+00:00",
     "humidity": 68.0,
     "temperature": -11.9
    },
    {
     "time": "2026-02-02T13:24:32.888000+00:00",
     "humidity": 67.5,
     "temperature": -12.1
    },
    {
     "time": "2026-02-02T13:34:32.923000+00:00",
     "humidity": 68.0,
     "temperature": -12.2
    },
    {
     "time": "2026-02-02T13:44:32.997000+00:00",
     "humidity": 68.5,
     "temperature": -12.4
    },
    {
     "time": "2026-02-02T13:54:32.906000+00:00",
     "humidity": 69.5,
     "temperature": -12.5
    },
    {
     "time": "2026-02-02T14:04:32.993000+00:00",
     "humidity": 70.0,
     "temperature": -12.7
    },
    {
     "time": "2026-02-02T14:14:32.940000+00:00",
     "humidity": 70.0,
     "temperature": -12.8
    },
    {
     "time": "2026-02-02T14:24:32.884000+00:00",
     "humidity": 71.0,
     "temperature": -12.9
    },
    {
     "time": "2026-02-02T14:34:32.997000+00:00",
     "humidity": 70.5,
     "temperature": -13.0
    },
    {
     "time": "2026-02-02T14:44:33.029000+00:00",
     "humidity": 71.0,
     "temperature": -13.2
    },
    {
     "time": "2026-02-02T14:54:33.048000+00:00",
     "humidity": 71.5,
     "temperature": -13.4
    },
    {
     "time": "2026-02-02T15:04:32.983000+00:00",
     "humidity": 71.5,
     "temperature": -13.4
    },
    {
     "time": "2026-02-02T15:14:33.071000+00:00",
     "humidity": 72.0,
     "temperature": -13.5
    },
    {
     "time": "2026-02-02T15:24:33.152000+00:00",
     "humidity": 72.5,
     "temperature": -13.6
    },
    {
     "time": "2026-02-02T15:34:33.027000+00:00",
     "humidity": 72.5,
     "temperature": -13.7
    },
    {
     "time": "2026-02-02T15:44:33.052000+00:00",
     "humidity": 73.0,
     "temperature": -13.8
    },
    {
     "time": "2026-02-02T15:54:32.973000+00:00",
     "humidity": 72.5,
     "temperature": -13.9
    },
    {
     "time": "2026-02-02T16:04:33.482000+00:00",
     "humidity": 73.0,
     "temperature": -13.8
    },
    {
     "time": "2026-02-02T16:14:32.971000+00:00",
     "humidity": 73.5,
     "temperature": -14.1
    },
    {
     "time": "2026-02-02T16:24:33.105000+00:00",
     "humidity": 74.0,
     "temperature": -14.3
    },
    {
     "time": "2026-02-02T16:34:33.159000+00:00",
     "humidity": 74.0,
     "temperature": -14.5
    },
    {
     "time": "2026-02-02T16:44:33.151000+00:00",
     "humidity": 74.0,
     "temperature": -14.3
    },
    {
     "time": "2026-02-02T16:54:33.211000+00:00",
     "humidity": 73.5,
     "temperature": -14.4
    },
    {
     "time": "2026-02-02T17:04:33.135000+00:00",
     "humidity": 73.5,
     "temperature": -14.5
    },
    {
     "time": "2026-02-02T17:14:33.287000+00:00",
     "humidity": 73.5,
     "temperature": -14.6
    },
    {
     "time": "2026-02-02T17:24:33.221000+00:00",
     "humidity": 73.5,
     "temperature": -14.5
    },
    {
     "time": "2026-02-02T17:34:33.231000+00:00",
     "humidity": 73.5,
     "temperature": -14.5
    },
    {
     "time": "2026-02-02T17:44:33.237000+00:00",
     "humidity": 73.5,
     "temperature": -14.6
    },
    {
     "time": "2026-02-02T17:54:33.279000+00:00",
     "humidity": 72.5,
     "temperature": -14.5
    },
    {
     "time": "2026-02-02T18:04:33.246000+00:00",
     "humidity": 72.5,
     "temperature": -14.6
    },
    {
     "time": "2026-02-02T18:14:33.249000+00:00",
     "humidity": 72.0,
     "temperature": -14.5
    },
    {
     "time": "2026-02-02T18:24:33.191000+00:00",
     "humidity": 72.0,
     "temperature": -14.8
    },
    {
     "time": "2026-02-02T18:34:33.333000+00:00",
     "humidity": 71.5,
     "temperature": -14.8
    },
    {
     "time": "2026-02-02T18:44:33.308000+00:00",
     "humidity": 71.0,
     "temperature": -14.7
    },
    {
     "time": "2026-02-02T18:54:33.335000+00:00",
     "humidity": 71.5,
     "temperature": -14.8
    },
    {
     "time": "2026-02-02T19:04:33.298000+00:00",
     "humidity": 71.0,
     "temperature": -14.8
    },
    {
     "time": "2026-02-02T19:14:33.231000+00:00",
     "humidity": 71.5,
     "temperature": -14.8
    },
    {
     "time": "2026-02-02T19:24:33.397000+00:00",
     "humidity": 71.5,
     "temperature": -14.9
    },
    {
     "time": "2026-02-02T19:34:33.262000+00:00",
     "humidity": 71.5,
     "temperature": -15.0
    },
    {
     "time": "2026-02-02T19:44:33.348000+00:00",
     "humidity": 71.5,
     "temperature": -15.0
    },
    {
     "time": "2026-02-02T19:54:33.390000+00:00",
     "humidity": 72.0,
     "temperature": -15.0
    },
    {
     "time": "2026-02-02T20:04:33.580000+00:00",
     "humidity": 71.5,
     "temperature": -15.0
    },
    {
     "time": "2026-02-02T20:14:33.453000+00:00",
     "humidity": 72.0,
     "temperature": -15.1
    },
    {
     "time": "2026-02-02T20:24:33.422000+00:00",
     "humidity": 72.5,
     "temperature": -15.1
    },
    {
     "time": "2026-02-02T20:34:33.471000+00:00",
     "humidity": 72.5,
     "temperature": -15.3
    },
    {
     "time": "2026-02-02T20:44:33.459000+00:00",
     "humidity": 73.0,
     "temperature": -15.2
    },
    {
     "time": "2026-02-02T20:54:33.456000+00:00",
     "humidity": 73.5,
     "temperature": -15.2
    },
    {
     "time": "2026-02-02T21:04:33.494000+00:00",
     "humidity": 74.0,
     "temperature": -15.3
    },
    {
     "time": "2026-02-02T21:14:33.598000+00:00",
     "humidity": 74.5,
     "temperature": -15.2
    },
    {
     "time": "2026-02-02T21:24:33.558000+00:00",
     "humidity": 74.5,
     "temperature": -15.1
    },
    {
     "time": "2026-02-02T21:34:33.554000+00:00",
     "humidity": 75.0,
     "temperature": -15.1
    },
    {
     "time": "2026-02-02T21:44:33.570000+00:00",
     "humidity": 76.0,
     "temperature": -15.3
    },
    {
     "time": "2026-02-02T21:54:33.540000+00:00",
     "humidity": 76.0,
     "temperature": -15.2
    },
    {
     "time": "2026-02-02T22:04:33.588000+00:00",
     "humidity": 77.0,
     "temperature": -15.4
    },
    {
     "time": "2026-02-02T22:14:33.762000+00:00",
     "humidity": 77.5,
     "temperature": -15.2
    },
    {
     "time": "2026-02-02T22:24:33.699000+00:00",
     "humidity": 78.0,
     "temperature": -15.0
    },
    {
     "time": "2026-02-02T22:34:33.625000+00:00",
     "humidity": 78.0,
     "temperature": -14.9
    },
    {
     "time": "2026-02-02T22:44:33.657000+00:00",
     "humidity": 78.0,
     "temperature": -15.0
    },
    {
     "time": "2026-02-02T22:54:33.631000+00:00",
     "humidity": 78.0,
     "temperature": -15.0
    },
    {
     "time": "2026-02-02T23:04:33.675000+00:00",
     "humidity": 78.5,
     "temperature": -15.0
    },
    {
     "time": "2026-02-02T23:14:33.771000+00:00",
     "humidity": 79.0,
     "temperature": -15.0
    },
    {
     "time": "2026-02-02T23:24:33.676000+00:00",
     "humidity": 79.5,
     "temperature": -15.1
    },
    {
     "time": "2026-02-02T23:34:33.725000+00:00",
     "humidity": 79.5,
     "temperature": -15.1
    },
    {
     "time": "2026-02-02T23:44:33.713000+00:00",
     "humidity": 80.0,
     "temperature": -15.0
    },
    {
     "time": "2026-02-02T23:54:33.692000+00:00",
     "humidity": 80.5,
     "temperature": -15.1
    },
    {
     "time": "2026-02-03T00:04:33.751000+00:00",
     "humidity": 80.5,
     "temperature": -15.2
    },
    {
     "time": "2026-02-03T00:14:33.724000+00:00",
     "humidity": 80.5,
     "temperature": -15.3
    },
    {
     "time": "2026-02-03T00:24:33.762000+00:00",
     "humidity": 81.0,
     "temperature": -15.4
    },
    {
     "time": "2026-02-03T00:34:33.727000+00:00",
     "humidity": 81.5,
     "temperature": -15.3
    },
    {
     "time": "2026-02-03T00:44:33.831000+00:00",
     "humidity": 81.0,
     "temperature": -15.5
    },
    {
     "time": "2026-02-03T00:54:33.861000+00:00",
     "humidity": 81.5,
     "temperature": -15.7
    },
    {
     "time": "2026-02-03T01:04:33.681000+00:00",
     "humidity": 82.0,
     "temperature": -16.0
    },
    {
     "time": "2026-02-03T01:14:33.742000+00:00",
     "humidity": 82.5,
     "temperature": -16.1
    },
    {
     "time": "2026-02-03T01:24:33.872000+00:00",
     "humidity": 82.5,
     "temperature": -16.1
    },
    {
     "time": "2026-02-03T01:34:33.809000+00:00",
     "humidity": 83.0,
     "temperature": -16.2
    },
    {
     "time": "2026-02-03T01:44:33.955000+00:00",
     "humidity": 83.0,
     "temperature": -16.2
    },
    {
     "time": "2026-02-03T01:54:33.716000+00:00",
     "humidity": 83.0,
     "temperature": -16.3
    },
    {
     "time": "2026-02-03T02:04:33.882000+00:00",
     "humidity": 83.5,
     "temperature": -16.5
    },
    {
     "time": "2026-02-03T02:14:33.838000+00:00",
     "humidity": 83.5,
     "temperature": -16.4
    },
    {
     "time": "2026-02-03T02:24:33.884000+00:00",
     "humidity": 83.5,
     "temperature": -16.4
    },
    {
     "time": "2026-02-03T02:34:33.977000+00:00",
     "humidity": 84.0,
     "temperature": -16.5
    },
    {
     "time": "2026-02-03T02:44:33.900000+00:00",
     "humidity": 84.0,
     "temperature": -16.5
    },
    {
     "time": "2026-02-03T02:54:33.943000+00:00",
     "humidity": 84.0,
     "temperature": -16.5
    },
    {
     "time": "2026-02-03T03:04:33.983000+00:00",
     "humidity": 84.5,
     "temperature": -16.7
    },
    {
     "time": "2026-02-03T03:14:34.213000+00:00",
     "humidity": 85.0,
     "temperature": -16.8
    },
    {
     "time": "2026-02-03T03:24:33.966000+00:00",
     "humidity": 85.5,
     "temperature": -16.9
    },
    {
     "time": "2026-02-03T03:34:34.100000+00:00",
     "humidity": 85.5,
     "temperature": -17.0
    },
    {
     "time": "2026-02-03T03:44:34.080000+00:00",
     "humidity": 86.0,
     "temperature": -17.0
    },
    {
     "time": "2026-02-03T03:54:34.024000+00:00",
     "humidity": 86.5,
     "temperature": -17.1
    },
    {
     "time": "2026-02-03T04:04:34.053000+00:00",
     "humidity": 86.5,
     "temperature": -17.1
    },
    {
     "time": "2026-02-03T04:14:34.217000+00:00",
     "humidity": 87.5,
     "temperature": -17.0
    },
    {
     "time": "2026-02-03T04:24:34.119000+00:00",
     "humidity": 87.0,
     "temperature": -16.9
    },
    {
     "time": "2026-02-03T04:34:34.092000+00:00",
     "humidity": 87.5,
     "temperature": -16.9
    },
    {
     "time": "2026-02-03T04:44:34.130000+00:00",
     "humidity": 88.0,
     "temperature": -16.9
    },
    {
     "time": "2026-02-03T04:54:34.130000+00:00",
     "humidity": 88.0,
     "temperature": -16.9
    },
    {
     "time": "2026-02-03T05:04:34.141000+00:00",
     "humidity": 88.0,
     "temperature": -16.9
    },
    {
     "time": "2026-02-03T05:14:34.173000+00:00",
     "humidity": 88.5,
     "temperature": -17.0
    },
    {
     "time": "2026-02-03T05:24:34.279000+00:00",
     "humidity": 88.5,
     "temperature": -17.0
    },
    {
     "time": "2026-02-03T05:34:34.207000+00:00",
     "humidity": 88.0,
     "temperature": -17.0
    },
    {
     "time": "2026-02-03T05:44:34.325000+00:00",
     "humidity": 88.0,
     "temperature": -17.0
    },
    {
     "time": "2026-02-03T05:54:34.197000+00:00",
     "humidity": 88.0,
     "temperature": -17.0
    },
    {
     "time": "2026-02-03T06:04:34.278000+00:00",
     "humidity": 87.5,
     "temperature": -17.1
    },
    {
     "time": "2026-02-03T06:14:34.252000+00:00",
     "humidity": 87.5,
     "temperature": -17.3
    },
    {
     "time": "2026-02-03T06:24:34.224000+00:00",
     "humidity": 87.5,
     "temperature": -17.2
    },
    {
     "time": "2026-02-03T06:34:34.248000+00:00",
     "humidity": 87.0,
     "temperature": -17.3
    },
    {
     "time": "2026-02-03T06:44:34.328000+00:00",
     "humidity": 87.5,
     "temperature": -17.4
    },
    {
     "time": "2026-02-03T06:54:34.356000+00:00",
     "humidity": 87.0,
     "temperature": -17.5
    },
    {
     "time": "2026-02-03T07:04:34.345000+00:00",
     "humidity": 87.5,
     "temperature": -17.5
    },
    {
     "time": "2026-02-03T07:14:34.367000+00:00",
     "humidity": 87.5,
     "temperature": -17.5
    },
    {
     "time": "2026-02-03T07:24:34.389000+00:00",
     "humidity": 88.0,
     "temperature": -17.3
    },
    {
     "time": "2026-02-03T07:34:34.354000+00:00",
     "humidity": 87.5,
     "temperature": -17.3
    },
    {
     "time": "2026-02-03T07:44:34.404000+00:00",
     "humidity": 87.0,
     "temperature": -17.3
    },
    {
     "time": "2026-02-03T07:54:34.461000+00:00",
     "humidity": 87.5,
     "temperature": -17.1
    },
    {
     "time": "2026-02-03T08:04:34.445000+00:00",
     "humidity": 87.5,
     "temperature": -17.0
    },
    {
     "time": "2026-02-03T08:14:34.593000+00:00",
     "humidity": 87.5,
     "temperature": -16.5
    },
    {
     "time": "2026-02-03T08:24:34.451000+00:00",
     "humidity": 87.5,
     "temperature": -16.1
    },
    {
     "time": "2026-02-03T08:34:34.404000+00:00",
     "humidity": 87.0,
     "temperature": -15.5
    },
    {
     "time": "2026-02-03T08:44:34.430000+00:00",
     "humidity": 84.0,
     "temperature": -14.4
    },
    {
     "time": "2026-02-03T08:54:34.595000+00:00",
     "humidity": 81.5,
     "temperature": -13.6
    },
    {
     "time": "2026-02-03T09:04:34.569000+00:00",
     "humidity": 79.5,
     "temperature": -13.1
    },
    {
     "time": "2026-02-03T09:14:34.624000+00:00",
     "humidity": 79.0,
     "temperature": -12.5
    },
    {
     "time": "2026-02-03T09:24:34.630000+00:00",
     "humidity": 76.5,
     "temperature": -11.7
    },
    {
     "time": "2026-02-03T09:34:34.533000+00:00",
     "humidity": 76.5,
     "temperature": -11.5
    },
    {
     "time": "2026-02-03T09:44:34.651000+00:00",
     "humidity": 76.0,
     "temperature": -11.2
    },
    {
     "time": "2026-02-03T09:54:34.548000+00:00",
     "humidity": 76.0,
     "temperature": -10.8
    },
    {
     "time": "2026-02-03T10:04:34.543000+00:00",
     "humidity": 75.0,
     "temperature": -10.4
    },
    {
     "time": "2026-02-03T10:14:34.554000+00:00",
     "humidity": 75.0,
     "temperature": -10.3
    },
    {
     "time": "2026-02-03T10:24:34.640000+00:00",
     "humidity": 74.5,
     "temperature": -10.0
    },
    {
     "time": "2026-02-03T10:34:34.619000+00:00",
     "humidity": 73.5,
     "temperature": -9.5
    }
   ],
   "h3": [
    {
     "time": "2026-01-04T09:00:00+00:00",
     "humidity": 83.1,
     "temperature": -12.44
    },
    {
     "time": "2026-01-04T12:00:00+00:00",
     "humidity": 83.2,
     "temperature": -12.87
    },
    {
     "time": "2026-01-04T15:00:00+00:00",
     "humidity": 84.1,
     "temperature": -13.34
    },
    {
     "time": "2026-01-04T18:00:00+00:00",
     "humidity": 81.8,
     "temperature": -14.36
    },
    {
     "time": "2026-01-04T21:00:00+00:00",
     "humidity": 81.5,
     "temperature": -15.74
    },
    {
     "time": "2026-01-05T00:00:00+00:00",
     "humidity": 85.6,
     "temperature": -17.39
    },
    {
     "time": "2026-01-05T03:00:00+00:00",
     "humidity": 86.6,
     "temperature": -18.28
    },
    {
     "time": "2026-01-05T06:00:00+00:00",
     "humidity": 87.0,
     "temperature": -18.37
    },
    {
     "time": "2026-01-05T09:00:00+00:00",
     "humidity": 83.0,
     "temperature": -14.86
    },
    {
     "time": "2026-01-05T12:00:00+00:00",
     "humidity": 85.3,
     "temperature": -13.94
    },
    {
     "time": "2026-01-05T15:00:00+00:00",
     "humidity": 84.8,
     "temperature": -12.57
    },
    {
     "time": "2026-01-05T18:00:00+00:00",
     "humidity": 87.5,
     "temperature": -14.32
    },
    {
     "time": "2026-01-05T21:00:00+00:00",
     "humidity": 90.1,
     "temperature": -15.84
    },
    {
     "time": "2026-01-06T00:00:00+00:00",
     "humidity": 88.9,
     "temperature": -16.82
    },
    {
     "time": "2026-01-06T03:00:00+00:00",
     "humidity": 89.0,
     "temperature": -16.77
    },
    {
     "time": "2026-01-06T06:00:00+00:00",
     "humidity": 90.6,
     "temperature": -11.33
    },
    {
     "time": "2026-01-06T09:00:00+00:00",
     "humidity": 80.6,
     "temperature": -3.18
    },
    {
     "time": "2026-01-06T12:00:00+00:00",
     "humidity": 83.7,
     "temperature": -2.17
    },
    {
     "time": "2026-01-06T15:00:00+00:00",
     "humidity": 90.8,
     "temperature": -2.93
    },
    {
     "time": "2026-01-06T18:00:00+00:00",
     "humidity": 89.4,
     "temperature": -3.49
    },
    {
     "time": "2026-01-06T21:00:00+00:00",
     "humidity": 91.6,
     "temperature": -3.29
    },
    {
     "time": "2026-01-07T00:00:00+00:00",
     "humidity": 91.3,
     "temperature": -2.69
    },
    {
     "time": "2026-01-07T03:00:00+00:00",
     "humidity": 92.3,
     "temperature": -3.27
    },
    {
     "time": "2026-01-07T06:00:00+00:00",
     "humidity": 89.8,
     "temperature": -5.71
    },
    {
     "time": "2026-01-07T09:00:00+00:00",
     "humidity": 86.3,
     "temperature": -6.86
    },
    {
     "time": "2026-01-07T12:00:00+00:00",
     "humidity": 89.0,
     "temperature": -8.72
    },
    {
     "time": "2026-01-07T15:00:00+00:00",
     "humidity": 92.6,
     "temperature": -10.47
    },
    {
     "time": "2026-01-07T18:00:00+00:00",
     "humidity": 92.2,
     "temperature": -11.24
    },
    {
     "time": "2026-01-07T21:00:00+00:00",
     "humidity": 91.4,
     "temperature": -11.54
    },
    {
     "time": "2026-01-08T00:00:00+00:00",
     "humidity": 91.3,
     "temperature": -12.43
    },
    {
     "time": "2026-01-08T03:00:00+00:00",
     "humidity": 91.4,
     "temperature": -13.17
    },
    {
     "time": "2026-01-08T06:00:00+00:00",
     "humidity": 90.1,
     "temperature": -14.04
    },
    {
     "time": "2026-01-08T09:00:00+00:00",
     "humidity": 87.2,
     "temperature": -13.16
    },
    {
     "time": "2026-01-08T12:00:00+00:00",
     "humidity": 87.6,
     "temperature": -14.08
    },
    {
     "time": "2026-01-08T15:00:00+00:00",
     "humidity": 87.2,
     "temperature": -16.03
    },
    {
     "time": "2026-01-08T18:00:00+00:00",
     "humidity": 87.1,
     "temperature": -17.35
    },
    {
     "time": "2026-01-08T21:00:00+00:00",
     "humidity": 89.7,
     "temperature": -15.85
    },
    {
     "time": "2026-01-09T00:00:00+00:00",
     "humidity": 89.2,
     "temperature": -13.03
    },
    {
     "time": "2026-01-09T03:00:00+00:00",
     "humidity": 87.4,
     "temperature": -12.44
    },
    {
     "time": "2026-01-09T06:00:00+00:00",
     "humidity": 87.9,
     "temperature": -13.45
    },
    {
     "time": "2026-01-09T09:00:00+00:00",
     "humidity": 82.5,
     "temperature": -12.7
    },
    {
     "time": "2026-01-09T12:00:00+00:00",
     "humidity": 78.6,
     "temperature": -13.25
    },
    {
     "time": "2026-01-09T15:00:00+00:00",
     "humidity": 75.8,
     "temperature": -13.8
    },
    {
     "time": "2026-01-09T18:00:00+00:00",
     "humidity": 74.5,
     "temperature": -13.88
    },
    {
     "time": "2026-01-09T21:00:00+00:00",
     "humidity": 76.6,
     "temperature": -13.58
    },
    {
     "time": "2026-01-10T00:00:00+00:00",
     "humidity": 85.6,
     "temperature": -13.59
    },
    {
     "time": "2026-01-10T03:00:00+00:00",
     "humidity": 83.2,
     "temperature": -12.18
    },
    {
     "time": "2026-01-10T06:00:00+00:00",
     "humidity": 79.8,
     "temperature": -10.38
    },
    {
     "time": "2026-01-10T09:00:00+00:00",
     "humidity": 81.1,
     "temperature": -9.31
    },
    {
     "time": "2026-01-10T12:00:00+00:00",
     "humidity": 83.9,
     "temperature": -8.87
    },
    {
     "time": "2026-01-10T15:00:00+00:00",
     "humidity": 83.0,
     "temperature": -8.48
    },
    {
     "time": "2026-01-10T18:00:00+00:00",
     "humidity": 83.7,
     "temperature": -7.98
    },
    {
     "time": "2026-01-10T21:00:00+00:00",
     "humidity": 85.5,
     "temperature": -7.48
    },
    {
     "time": "2026-01-11T00:00:00+00:00",
     "humidity": 86.4,
     "temperature": -7.27
    },
    {
     "time": "2026-01-11T03:00:00+00:00",
     "humidity": 87.3,
     "temperature": -7.04
    },
    {
     "time": "2026-01-11T06:00:00+00:00",
     "humidity": 86.1,
     "temperature": -6.78
    },
    {
     "time": "2026-01-11T09:00:00+00:00",
     "humidity": 83.4,
     "temperature": -6.23
    },
    {
     "time": "2026-01-11T12:00:00+00:00",
     "humidity": 84.0,
     "temperature": -6.23
    },
    {
     "time": "2026-01-11T15:00:00+00:00",
     "humidity": 85.4,
     "temperature": -6.43
    },
    {
     "time": "2026-01-11T18:00:00+00:00",
     "humidity": 86.3,
     "temperature": -6.53
    },
    {
     "time": "2026-01-11T21:00:00+00:00",
     "humidity": 87.0,
     "temperature": -6.82
    },
    {
     "time": "2026-01-12T00:00:00+00:00",
     "humidity": 86.4,
     "temperature": -6.67
    },
    {
     "time": "2026-01-12T03:00:00+00:00",
     "humidity": 86.6,
     "temperature": -6.24
    },
    {
     "time": "2026-01-12T06:00:00+00:00",
     "humidity": 87.2,
     "temperature": -6.81
    },
    {
     "time": "2026-01-12T09:00:00+00:00",
     "humidity": 86.9,
     "temperature": -6.59
    },
    {
     "time": "2026-01-12T12:00:00+00:00",
     "humidity": 86.7,
     "temperature": -6.45
    },
    {
     "time": "2026-01-12T15:00:00+00:00",
     "humidity": 88.1,
     "temperature": -6.24
    },
    {
     "time": "2026-01-12T18:00:00+00:00",
     "humidity": 89.0,
     "temperature": -5.49
    },
    {
     "time": "2026-01-12T21:00:00+00:00",
     "humidity": 89.0,
     "temperature": -4.85
    },
    {
     "time": "2026-01-13T00:00:00+00:00",
     "humidity": 86.8,
     "temperature": -3.86
    },
    {
     "time": "2026-01-13T03:00:00+00:00",
     "humidity": 85.0,
     "temperature": -4.33
    },
    {
     "time": "2026-01-13T06:00:00+00:00",
     "humidity": 82.2,
     "temperature": -5.26
    },
    {
     "time": "2026-01-13T09:00:00+00:00",
     "humidity": 84.5,
     "temperature": -5.92
    },
    {
     "time": "2026-01-13T12:00:00+00:00",
     "humidity": 85.9,
     "temperature": -6.3
    },
    {
     "time": "2026-01-13T15:00:00+00:00",
     "humidity": 87.8,
     "temperature": -6.47
    },
    {
     "time": "2026-01-13T18:00:00+00:00",
     "humidity": 89.2,
     "temperature": -6.21
    },
    {
     "time": "2026-01-13T21:00:00+00:00",
     "humidity": 90.0,
     "temperature": -5.38
    },
    {
     "time": "2026-01-14T00:00:00+00:00",
     "humidity": 84.7,
     "temperature": -4.61
    },
    {
     "time": "2026-01-14T03:00:00+00:00",
     "humidity": 86.4,
     "temperature": -4.96
    },
    {
     "time": "2026-01-14T06:00:00+00:00",
     "humidity": 89.6,
     "temperature": -5.22
    },
    {
     "time": "2026-01-14T09:00:00+00:00",
     "humidity": 89.2,
     "temperature": -4.91
    },
    {
     "time": "2026-01-14T12:00:00+00:00",
     "humidity": 85.9,
     "temperature": -3.91
    },
    {
     "time": "2026-01-14T15:00:00+00:00",
     "humidity": 83.6,
     "temperature": -3.59
    },
    {
     "time": "2026-01-14T18:00:00+00:00",
     "humidity": 82.4,
     "temperature": -4.46
    },
    {
     "time": "2026-01-14T21:00:00+00:00",
     "humidity": 86.9,
     "temperature": -5.99
    },
    {
     "time": "2026-01-15T00:00:00+00:00",
     "humidity": 83.0,
     "temperature": -6.28
    },
    {
     "time": "2026-01-15T03:00:00+00:00",
     "humidity": 83.9,
     "temperature": -5.89
    },
    {
     "time": "2026-01-15T06:00:00+00:00",
     "humidity": 89.3,
     "temperature": -6.37
    },
    {
     "time": "2026-01-15T09:00:00+00:00",
     "humidity": 89.0,
     "temperature": -5.92
    },
    {
     "time": "2026-01-15T12:00:00+00:00",
     "humidity": 91.0,
     "temperature": -4.99
    },
    {
     "time": "2026-01-15T15:00:00+00:00",
     "humidity": 92.5,
     "temperature": -4.1
    },
    {
     "time": "2026-01-15T18:00:00+00:00",
     "humidity": 93.5,
     "temperature": -2.83
    },
    {
     "time": "2026-01-15T21:00:00+00:00",
     "humidity": 93.4,
     "temperature": -2.16
    },
    {
     "time": "2026-01-16T00:00:00+00:00",
     "humidity": 93.5,
     "temperature": -1.75
    },
    {
     "time": "2026-01-16T03:00:00+00:00",
     "humidity": 93.8,
     "temperature": -1.37
    },
    {
     "time": "2026-01-16T06:00:00+00:00",
     "humidity": 92.0,
     "temperature": -1.09
    },
    {
     "time": "2026-01-16T09:00:00+00:00",
     "humidity": 89.7,
     "temperature": -0.62
    },
    {
     "time": "2026-01-16T12:00:00+00:00",
     "humidity": 89.9,
     "temperature": -2.23
    },
    {
     "time": "2026-01-16T15:00:00+00:00",
     "humidity": 90.0,
     "temperature": -2.52
    },
    {
     "time": "2026-01-16T18:00:00+00:00",
     "humidity": 89.3,
     "temperature": -3.31
    },
    {
     "time": "2026-01-16T21:00:00+00:00",
     "humidity": 90.3,
     "temperature": -3.92
    },
    {
     "time": "2026-01-17T00:00:00+00:00",
     "humidity": 89.5,
     "temperature": -4.8
    },
    {
     "time": "2026-01-17T03:00:00+00:00",
     "humidity": 92.3,
     "temperature": -4.42
    },
    {
     "time": "2026-01-17T06:00:00+00:00",
     "humidity": 95.2,
     "temperature": -2.92
    },
    {
     "time": "2026-01-17T09:00:00+00:00",
     "humidity": 96.0,
     "temperature": -2.53
    },
    {
     "time": "2026-01-17T12:00:00+00:00",
     "humidity": 96.9,
     "temperature": -2.2
    },
    {
     "time": "2026-01-17T15:00:00+00:00",
     "humidity": 97.4,
     "temperature": -1.6
    },
    {
     "time": "2026-01-17T18:00:00+00:00",
     "humidity": 97.1,
     "temperature": -0.79
    },
    {
     "time": "2026-01-17T21:00:00+00:00",
     "humidity": 96.9,
     "temperature": -0.14
    },
    {
     "time": "2026-01-18T00:00:00+00:00",
     "humidity": 96.7,
     "temperature": 0.08
    },
    {
     "time": "2026-01-18T03:00:00+00:00",
     "humidity": 97.1,
     "temperature": 0.29
    },
    {
     "time": "2026-01-18T06:00:00+00:00",
     "humidity": 96.9,
     "temperature": 0.31
    },
    {
     "time": "2026-01-18T09:00:00+00:00",
     "humidity": 96.3,
     "temperature": 0.24
    },
    {
     "time": "2026-01-18T12:00:00+00:00",
     "humidity": 95.8,
     "temperature": 0.11
    },
    {
     "time": "2026-01-18T15:00:00+00:00",
     "humidity": 96.1,
     "temperature": 0.06
    },
    {
     "time": "2026-01-18T18:00:00+00:00",
     "humidity": 97.2,
     "temperature": 0.01
    },
    {
     "time": "2026-01-18T21:00:00+00:00",
     "humidity": 97.7,
     "temperature": -0.03
    },
    {
     "time": "2026-01-19T00:00:00+00:00",
     "humidity": 98.0,
     "temperature": -0.02
    },
    {
     "time": "2026-01-19T03:00:00+00:00",
     "humidity": 97.9,
     "temperature": -0.34
    },
    {
     "time": "2026-01-19T06:00:00+00:00",
     "humidity": 96.2,
     "temperature": -0.63
    },
    {
     "time": "2026-01-19T09:00:00+00:00",
     "humidity": 94.9,
     "temperature": -0.78
    },
    {
     "time": "2026-01-19T12:00:00+00:00",
     "humidity": 95.6,
     "temperature": -1.16
    },
    {
     "time": "2026-01-19T15:00:00+00:00",
     "humidity": 95.9,
     "temperature": -1.64
    },
    {
     "time": "2026-01-19T18:00:00+00:00",
     "humidity": 96.4,
     "temperature": -1.94
    },
    {
     "time": "2026-01-19T21:00:00+00:00",
     "humidity": 97.1,
     "temperature": -2.19
    },
    {
     "time": "2026-01-20T00:00:00+00:00",
     "humidity": 95.3,
     "temperature": -2.53
    },
    {
     "time": "2026-01-20T03:00:00+00:00",
     "humidity": 95.4,
     "temperature": -3.37
    },
    {
     "time": "2026-01-20T06:00:00+00:00",
     "humidity": 93.0,
     "temperature": -3.53
    },
    {
     "time": "2026-01-20T09:00:00+00:00",
     "humidity": 91.9,
     "temperature": -3.81
    },
    {
     "time": "2026-01-20T12:00:00+00:00",
     "humidity": 92.7,
     "temperature": -3.68
    },
    {
     "time": "2026-01-20T15:00:00+00:00",
     "humidity": 93.9,
     "temperature": -3.76
    },
    {
     "time": "2026-01-20T18:00:00+00:00",
     "humidity": 92.9,
     "temperature": -3.46
    },
    {
     "time": "2026-01-20T21:00:00+00:00",
     "humidity": 95.4,
     "temperature": -3.06
    },
    {
     "time": "2026-01-21T00:00:00+00:00",
     "humidity": 96.6,
     "temperature": -1.93
    },
    {
     "time": "2026-01-21T03:00:00+00:00",
     "humidity": 94.5,
     "temperature": -2.07
    },
    {
     "time": "2026-01-21T06:00:00+00:00",
     "humidity": 93.1,
     "temperature": -2.61
    },
    {
     "time": "2026-01-21T09:00:00+00:00",
     "humidity": 91.7,
     "temperature": -2.79
    },
    {
     "time": "2026-01-21T12:00:00+00:00",
     "humidity": 92.7,
     "temperature": -2.81
    },
    {
     "time": "2026-01-21T15:00:00+00:00",
     "humidity": 91.1,
     "temperature": -3.03
    },
    {
     "time": "2026-01-21T18:00:00+00:00",
     "humidity": 90.9,
     "temperature": -3.29
    },
    {
     "time": "2026-01-21T21:00:00+00:00",
     "humidity": 86.9,
     "temperature": -3.56
    },
    {
     "time": "2026-01-22T00:00:00+00:00",
     "humidity": 86.1,
     "temperature": -4.01
    },
    {
     "time": "2026-01-22T03:00:00+00:00",
     "humidity": 87.4,
     "temperature": -4.55
    },
    {
     "time": "2026-01-22T06:00:00+00:00",
     "humidity": 87.7,
     "temperature": -4.76
    },
    {
     "time": "2026-01-22T09:00:00+00:00",
     "humidity": 80.2,
     "temperature": -4.56
    },
    {
     "time": "2026-01-22T12:00:00+00:00",
     "humidity": 86.4,
     "temperature": -5.64
    },
    {
     "time": "2026-01-22T15:00:00+00:00",
     "humidity": 86.5,
     "temperature": -6.32
    },
    {
     "time": "2026-01-22T18:00:00+00:00",
     "humidity": 85.8,
     "temperature": -6.81
    },
    {
     "time": "2026-01-22T21:00:00+00:00",
     "humidity": 87.9,
     "temperature": -7.19
    },
    {
     "time": "2026-01-23T00:00:00+00:00",
     "humidity": 88.7,
     "temperature": -7.59
    },
    {
     "time": "2026-01-23T03:00:00+00:00",
     "humidity": 88.3,
     "temperature": -8.08
    },
    {
     "time": "2026-01-23T06:00:00+00:00",
     "humidity": 85.6,
     "temperature": -8.39
    },
    {
     "time": "2026-01-23T09:00:00+00:00",
     "humidity": 85.6,
     "temperature": -8.41
    },
    {
     "time": "2026-01-23T12:00:00+00:00",
     "humidity": 84.0,
     "temperature": -8.32
    },
    {
     "time": "2026-01-23T15:00:00+00:00",
     "humidity": 85.2,
     "temperature": -8.55
    },
    {
     "time": "2026-01-23T18:00:00+00:00",
     "humidity": 83.9,
     "temperature": -8.84
    },
    {
     "time": "2026-01-23T21:00:00+00:00",
     "humidity": 84.7,
     "temperature": -9.29
    },
    {
     "time": "2026-01-24T00:00:00+00:00",
     "humidity": 85.4,
     "temperature": -9.44
    },
    {
     "time": "2026-01-24T03:00:00+00:00",
     "humidity": 89.1,
     "temperature": -9.26
    },
    {
     "time": "2026-01-24T06:00:00+00:00",
     "humidity": 90.6,
     "temperature": -8.37
    },
    {
     "time": "2026-01-24T09:00:00+00:00",
     "humidity": 89.5,
     "temperature": -6.94
    },
    {
     "time": "2026-01-24T12:00:00+00:00",
     "humidity": 85.8,
     "temperature": -7.24
    },
    {
     "time": "2026-01-24T15:00:00+00:00",
     "humidity": 84.6,
     "temperature": -7.32
    },
    {
     "time": "2026-01-24T18:00:00+00:00",
     "humidity": 89.3,
     "temperature": -7.75
    },
    {
     "time": "2026-01-24T21:00:00+00:00",
     "humidity": 86.2,
     "temperature": -7.77
    },
    {
     "time": "2026-01-25T00:00:00+00:00",
     "humidity": 86.6,
     "temperature": -8.33
    },
    {
     "time": "2026-01-25T03:00:00+00:00",
     "humidity": 86.3,
     "temperature": -8.03
    },
    {
     "time": "2026-01-25T06:00:00+00:00",
     "humidity": 86.3,
     "temperature": -7.66
    },
    {
     "time": "2026-01-25T09:00:00+00:00",
     "humidity": 84.9,
     "temperature": -7.28
    },
    {
     "time": "2026-01-25T12:00:00+00:00",
     "humidity": 84.9,
     "temperature": -6.9
    },
    {
     "time": "2026-01-25T15:00:00+00:00",
     "humidity": 90.6,
     "temperature": -9.07
    },
    {
     "time": "2026-01-25T18:00:00+00:00",
     "humidity": 89.0,
     "temperature": -6.84
    },
    {
     "time": "2026-01-25T21:00:00+00:00",
     "humidity": 89.9,
     "temperature": -6.14
    },
    {
     "time": "2026-01-26T00:00:00+00:00",
     "humidity": 91.4,
     "temperature": -6.26
    },
    {
     "time": "2026-01-26T03:00:00+00:00",
     "humidity": 91.7,
     "temperature": -6.58
    },
    {
     "time": "2026-01-26T06:00:00+00:00",
     "humidity": 89.0,
     "temperature": -6.89
    },
    {
     "time": "2026-01-26T09:00:00+00:00",
     "humidity": 83.6,
     "temperature": -6.84
    },
    {
     "time": "2026-01-26T12:00:00+00:00",
     "humidity": 83.6,
     "temperature": -7.58
    },
    {
     "time": "2026-01-26T15:00:00+00:00",
     "humidity": 91.8,
     "temperature": -8.87
    },
    {
     "time": "2026-01-26T18:00:00+00:00",
     "humidity": 88.9,
     "temperature": -7.49
    },
    {
     "time": "2026-01-26T21:00:00+00:00",
     "humidity": 87.9,
     "temperature": -7.51
    },
    {
     "time": "2026-01-27T00:00:00+00:00",
     "humidity": 88.9,
     "temperature": -7.16
    },
    {
     "time": "2026-01-27T03:00:00+00:00",
     "humidity": 89.4,
     "temperature": -7.25
    },
    {
     "time": "2026-01-27T06:00:00+00:00",
     "humidity": 89.7,
     "temperature": -7.39
    },
    {
     "time": "2026-01-27T09:00:00+00:00",
     "humidity": 88.9,
     "temperature": -7.32
    },
    {
     "time": "2026-01-27T12:00:00+00:00",
     "humidity": 90.6,
     "temperature": -7.93
    },
    {
     "time": "2026-01-27T15:00:00+00:00",
     "humidity": 93.7,
     "temperature": -8.83
    },
    {
     "time": "2026-01-27T18:00:00+00:00",
     "humidity": 93.9,
     "temperature": -9.6
    },
    {
     "time": "2026-01-27T21:00:00+00:00",
     "humidity": 93.2,
     "temperature": -10.88
    },
    {
     "time": "2026-01-28T00:00:00+00:00",
     "humidity": 92.7,
     "temperature": -12.04
    },
    {
     "time": "2026-01-28T03:00:00+00:00",
     "humidity": 91.9,
     "temperature": -12.23
    },
    {
     "time": "2026-01-28T06:00:00+00:00",
     "humidity": 91.3,
     "temperature": -11.77
    },
    {
     "time": "2026-01-28T09:00:00+00:00",
     "humidity": 87.4,
     "temperature": -10.08
    },
    {
     "time": "2026-01-28T12:00:00+00:00",
     "humidity": 86.6,
     "temperature": -9.38
    },
    {
     "time": "2026-01-28T15:00:00+00:00",
     "humidity": 86.5,
     "temperature": -9.08
    },
    {
     "time": "2026-01-28T18:00:00+00:00",
     "humidity": 85.8,
     "temperature": -9.09
    },
    {
     "time": "2026-01-28T21:00:00+00:00",
     "humidity": 86.3,
     "temperature": -9.52
    },
    {
     "time": "2026-01-29T00:00:00+00:00",
     "humidity": 88.2,
     "temperature": -11.33
    },
    {
     "time": "2026-01-29T03:00:00+00:00",
     "humidity": 89.4,
     "temperature": -13.09
    },
    {
     "time": "2026-01-29T06:00:00+00:00",
     "humidity": 89.6,
     "temperature": -13.98
    },
    {
     "time": "2026-01-29T09:00:00+00:00",
     "humidity": 84.3,
     "temperature": -11.21
    },
    {
     "time": "2026-01-29T12:00:00+00:00",
     "humidity": 86.6,
     "temperature": -11.01
    },
    {
     "time": "2026-01-29T15:00:00+00:00",
     "humidity": 90.3,
     "temperature": -13.12
    },
    {
     "time": "2026-01-29T18:00:00+00:00",
     "humidity": 91.1,
     "temperature": -14.73
    },
    {
     "time": "2026-01-29T21:00:00+00:00",
     "humidity": 90.2,
     "temperature": -16.35
    },
    {
     "time": "2026-01-30T00:00:00+00:00",
     "humidity": 89.9,
     "temperature": -17.95
    },
    {
     "time": "2026-01-30T03:00:00+00:00",
     "humidity": 90.2,
     "temperature": -18.71
    },
    {
     "time": "2026-01-30T06:00:00+00:00",
     "humidity": 89.8,
     "temperature": -18.49
    },
    {
     "time": "2026-01-30T09:00:00+00:00",
     "humidity": 82.6,
     "temperature": -12.08
    },
    {
     "time": "2026-01-30T12:00:00+00:00",
     "humidity": 83.3,
     "temperature": -10.98
    },
    {
     "time": "2026-01-30T15:00:00+00:00",
     "humidity": 90.5,
     "temperature": -14.51
    },
    {
     "time": "2026-01-30T18:00:00+00:00",
     "humidity": 89.7,
     "temperature": -15.51
    },
    {
     "time": "2026-01-30T21:00:00+00:00",
     "humidity": 89.0,
     "temperature": -17.01
    },
    {
     "time": "2026-01-31T00:00:00+00:00",
     "humidity": 88.6,
     "temperature": -17.89
    },
    {
     "time": "2026-01-31T03:00:00+00:00",
     "humidity": 88.2,
     "temperature": -18.61
    },
    {
     "time": "2026-01-31T06:00:00+00:00",
     "humidity": 88.5,
     "temperature": -18.52
    },
    {
     "time": "2026-01-31T09:00:00+00:00",
     "humidity": 86.1,
     "temperature": -14.19
    },
    {
     "time": "2026-01-31T12:00:00+00:00",
     "humidity": 86.2,
     "temperature": -13.92
    },
    {
     "time": "2026-01-31T15:00:00+00:00",
     "humidity": 90.5,
     "temperature": -15.84
    },
    {
     "time": "2026-01-31T18:00:00+00:00",
     "humidity": 90.3,
     "temperature": -16.55
    },
    {
     "time": "2026-01-31T21:00:00+00:00",
     "humidity": 89.7,
     "temperature": -17.88
    },
    {
     "time": "2026-02-01T00:00:00+00:00",
     "humidity": 89.2,
     "temperature": -18.66
    },
    {
     "time": "2026-02-01T03:00:00+00:00",
     "humidity": 88.5,
     "temperature": -19.42
    },
    {
     "time": "2026-02-01T06:00:00+00:00",
     "humidity": 88.6,
     "temperature": -17.91
    },
    {
     "time": "2026-02-01T09:00:00+00:00",
     "humidity": 83.4,
     "temperature": -14.39
    },
    {
     "time": "2026-02-01T12:00:00+00:00",
     "humidity": 83.1,
     "temperature": -15.22
    },
    {
     "time": "2026-02-01T15:00:00+00:00",
     "humidity": 87.9,
     "temperature": -17.94
    },
    {
     "time": "2026-02-01T18:00:00+00:00",
     "humidity": 87.1,
     "temperature": -19.29
    },
    {
     "time": "2026-02-01T21:00:00+00:00",
     "humidity": 84.6,
     "temperature": -20.09
    },
    {
     "time": "2026-02-02T00:00:00+00:00",
     "humidity": 81.6,
     "temperature": -20.4
    },
    {
     "time": "2026-02-02T03:00:00+00:00",
     "humidity": 78.0,
     "temperature": -19.38
    },
    {
     "time": "2026-02-02T06:00:00+00:00",
     "humidity": 75.3,
     "temperature": -17.89
    },
    {
     "time": "2026-02-02T09:00:00+00:00",
     "humidity": 67.1,
     "temperature": -13.01
    },
    {
     "time": "2026-02-02T12:00:00+00:00",
     "humidity": 68.3,
     "temperature": -12.26
    },
    {
     "time": "2026-02-02T15:00:00+00:00",
     "humidity": 73.1,
     "temperature": -14.14
    },
    {
     "time": "2026-02-02T18:00:00+00:00",
     "humidity": 71.9,
     "temperature": -14.92
    },
    {
     "time": "2026-02-02T21:00:00+00:00",
     "humidity": 77.4,
     "temperature": -15.11
    },
    {
     "time": "2026-02-03T00:00:00+00:00",
     "humidity": 82.5,
     "temperature": -16.01
    },
    {
     "time": "2026-02-03T03:00:00+00:00",
     "humidity": 87.0,
     "temperature": -16.95
    },
    {
     "time": "2026-02-03T06:00:00+00:00",
     "humidity": 86.9,
     "temperature": -16.72
    },
    {
     "time": "2026-02-03T09:00:00+00:00",
     "humidity": 76.2,
     "temperature": -11.1
    }
   ],
   "d1": [
    {
     "time": "2025-08-07T00:00:00+00:00",
     "humidity": 68.9,
     "temperature": 19.07
    },
    {
     "time": "2025-08-08T00:00:00+00:00",
     "humidity": 76.1,
     "temperature": 17.88
    },
    {
     "time": "2025-08-09T00:00:00+00:00",
     "humidity": 74.5,
     "temperature": 18.94
    },
    {
     "time": "2025-08-10T00:00:00+00:00",
     "humidity": 73.4,
     "temperature": 18.12
    },
    {
     "time": "2025-08-11T00:00:00+00:00",
     "humidity": 62.1,
     "temperature": 18.93
    },
    {
     "time": "2025-08-12T00:00:00+00:00",
     "humidity": 74.7,
     "temperature": 15.95
    },
    {
     "time": "2025-08-13T00:00:00+00:00",
     "humidity": 65.4,
     "temperature": 18.18
    },
    {
     "time": "2025-08-14T00:00:00+00:00",
     "humidity": 74.3,
     "temperature": 19.05
    },
    {
     "time": "2025-08-15T00:00:00+00:00",
     "humidity": 75.2,
     "temperature": 20.41
    },
    {
     "time": "2025-08-16T00:00:00+00:00",
     "humidity": 72.4,
     "temperature": 14.85
    },
    {
     "time": "2025-08-17T00:00:00+00:00",
     "humidity": 70.5,
     "temperature": 15.75
    },
    {
     "time": "2025-08-18T00:00:00+00:00",
     "humidity": 64.0,
     "temperature": 17.83
    },
    {
     "time": "2025-08-19T00:00:00+00:00",
     "humidity": 64.5,
     "temperature": 16.66
    },
    {
     "time": "2025-08-20T00:00:00+00:00",
     "humidity": 61.9,
     "temperature": 13.49
    },
    {
     "time": "2025-08-21T00:00:00+00:00",
     "humidity": 68.2,
     "temperature": 12.94
    },
    {
     "time": "2025-08-22T00:00:00+00:00",
     "humidity": 73.6,
     "temperature": 12.45
    },
    {
     "time": "2025-08-23T00:00:00+00:00",
     "humidity": 69.5,
     "temperature": 13.06
    },
    {
     "time": "2025-08-24T00:00:00+00:00",
     "humidity": 75.9,
     "temperature": 11.79
    },
    {
     "time": "2025-08-25T00:00:00+00:00",
     "humidity": 75.7,
     "temperature": 12.8
    },
    {
     "time": "2025-08-26T00:00:00+00:00",
     "humidity": 68.1,
     "temperature": 13.93
    },
    {
     "time": "2025-08-27T00:00:00+00:00",
     "humidity": 69.5,
     "temperature": 14.13
    },
    {
     "time": "2025-08-28T00:00:00+00:00",
     "humidity": 79.0,
     "temperature": 14.8
    },
    {
     "time": "2025-08-29T00:00:00+00:00",
     "humidity": 91.1,
     "temperature": 14.57
    },
    {
     "time": "2025-08-30T00:00:00+00:00",
     "humidity": 93.3,
     "temperature": 15.97
    },
    {
     "time": "2025-08-31T00:00:00+00:00",
     "humidity": 93.0,
     "temperature": 15.51
    },
    {
     "time": "2025-09-01T00:00:00+00:00",
     "humidity": 88.8,
     "temperature": 14.19
    },
    {
     "time": "2025-09-02T00:00:00+00:00",
     "humidity": 87.2,
     "temperature": 15.46
    },
    {
     "time": "2025-09-03T00:00:00+00:00",
     "humidity": 86.7,
     "temperature": 16.85
    },
    {
     "time": "2025-09-04T00:00:00+00:00",
     "humidity": 84.2,
     "temperature": 16.23
    },
    {
     "time": "2025-09-05T00:00:00+00:00",
     "humidity": 93.1,
     "temperature": 15.9
    },
    {
     "time": "2025-09-06T00:00:00+00:00",
     "humidity": 92.7,
     "temperature": 18.06
    },
    {
     "time": "2025-09-07T00:00:00+00:00",
     "humidity": 92.7,
     "temperature": 18.14
    },
    {
     "time": "2025-09-08T00:00:00+00:00",
     "humidity": 87.9,
     "temperature": 18.18
    },
    {
     "time": "2025-09-09T00:00:00+00:00",
     "humidity": 80.3,
     "temperature": 18.59
    },
    {
     "time": "2025-09-10T00:00:00+00:00",
     "humidity": 79.6,
     "temperature": 19.21
    },
    {
     "time": "2025-09-11T00:00:00+00:00",
     "humidity": 73.3,
     "temperature": 19.38
    },
    {
     "time": "2025-09-12T00:00:00+00:00",
     "humidity": 82.4,
     "temperature": 16.05
    },
    {
     "time": "2025-09-13T00:00:00+00:00",
     "humidity": 86.1,
     "temperature": 16.45
    },
    {
     "time": "2025-09-14T00:00:00+00:00",
     "humidity": 89.4,
     "temperature": 15.63
    },
    {
     "time": "2025-09-15T00:00:00+00:00",
     "humidity": 87.0,
     "temperature": 15.14
    },
    {
     "time": "2025-09-16T00:00:00+00:00",
     "humidity": 86.2,
     "temperature": 15.31
    },
    {
     "time": "2025-09-17T00:00:00+00:00",
     "humidity": 84.8,
     "temperature": 15.15
    },
    {
     "time": "2025-09-18T00:00:00+00:00",
     "humidity": 83.4,
     "temperature": 15.27
    },
    {
     "time": "2025-09-19T00:00:00+00:00",
     "humidity": 83.1,
     "temperature": 14.45
    },
    {
     "time": "2025-09-20T00:00:00+00:00",
     "humidity": 90.0,
     "temperature": 16.35
    },
    {
     "time": "2025-09-21T00:00:00+00:00",
     "humidity": 86.4,
     "temperature": 17.82
    },
    {
     "time": "2025-09-22T00:00:00+00:00",
     "humidity": 70.0,
     "temperature": 13.56
    },
    {
     "time": "2025-09-23T00:00:00+00:00",
     "humidity": 76.6,
     "temperature": 8.75
    },
    {
     "time": "2025-09-24T00:00:00+00:00",
     "humidity": 67.3,
     "temperature": 8.25
    },
    {
     "time": "2025-09-25T00:00:00+00:00",
     "humidity": 77.2,
     "temperature": 10.2
    },
    {
     "time": "2025-09-26T00:00:00+00:00",
     "humidity": 80.0,
     "temperature": 11.29
    },
    {
     "time": "2025-09-27T00:00:00+00:00",
     "humidity": 78.2,
     "temperature": 11.54
    },
    {
     "time": "2025-09-28T00:00:00+00:00",
     "humidity": 79.9,
     "temperature": 10.03
    },
    {
     "time": "2025-09-29T00:00:00+00:00",
     "humidity": 68.3,
     "temperature": 9.64
    },
    {
     "time": "2025-09-30T00:00:00+00:00",
     "humidity": 70.6,
     "temperature": 8.07
    },
    {
     "time": "2025-10-01T00:00:00+00:00",
     "humidity": 76.2,
     "temperature": 8.17
    },
    {
     "time": "2025-10-02T00:00:00+00:00",
     "humidity": 79.8,
     "temperature": 7.21
    },
    {
     "time": "2025-10-03T00:00:00+00:00",
     "humidity": 75.9,
     "temperature": 7.3
    },
    {
     "time": "2025-10-04T00:00:00+00:00",
     "humidity": 78.5,
     "temperature": 9.19
    },
    {
     "time": "2025-10-05T00:00:00+00:00",
     "humidity": 82.5,
     "temperature": 10.77
    },
    {
     "time": "2025-10-06T00:00:00+00:00",
     "humidity": 90.6,
     "temperature": 11.68
    },
    {
     "time": "2025-10-07T00:00:00+00:00",
     "humidity": 88.3,
     "temperature": 12.96
    },
    {
     "time": "2025-10-08T00:00:00+00:00",
     "humidity": 89.8,
     "temperature": 12.18
    },
    {
     "time": "2025-10-09T00:00:00+00:00",
     "humidity": 89.6,
     "temperature": 12.58
    },
    {
     "time": "2025-10-10T00:00:00+00:00",
     "humidity": 80.5,
     "temperature": 10.35
    },
    {
     "time": "2025-10-11T00:00:00+00:00",
     "humidity": 71.7,
     "temperature": 9.98
    },
    {
     "time": "2025-10-12T00:00:00+00:00",
     "humidity": 74.7,
     "temperature": 7.12
    },
    {
     "time": "2025-10-13T00:00:00+00:00",
     "humidity": 77.4,
     "temperature": 6.1
    },
    {
     "time": "2025-10-14T00:00:00+00:00",
     "humidity": 84.0,
     "temperature": 6.14
    },
    {
     "time": "2025-10-15T00:00:00+00:00",
     "humidity": 85.4,
     "temperature": 7.19
    },
    {
     "time": "2025-10-16T00:00:00+00:00",
     "humidity": 80.8,
     "temperature": 7.36
    },
    {
     "time": "2025-10-17T00:00:00+00:00",
     "humidity": 80.7,
     "temperature": 3.44
    },
    {
     "time": "2025-10-18T00:00:00+00:00",
     "humidity": 82.4,
     "temperature": 2.06
    },
    {
     "time": "2025-10-19T00:00:00+00:00",
     "humidity": 81.7,
     "temperature": 4.85
    },
    {
     "time": "2025-10-20T00:00:00+00:00",
     "humidity": 83.1,
     "temperature": 6.5
    },
    {
     "time": "2025-10-21T00:00:00+00:00",
     "humidity": 72.2,
     "temperature": 7.94
    },
    {
     "time": "2025-10-22T00:00:00+00:00",
     "humidity": 81.0,
     "temperature": 6.95
    },
    {
     "time": "2025-10-23T00:00:00+00:00",
     "humidity": 89.8,
     "temperature": 7.27
    },
    {
     "time": "2025-10-24T00:00:00+00:00",
     "humidity": 91.2,
     "temperature": 8.73
    },
    {
     "time": "2025-10-25T00:00:00+00:00",
     "humidity": 95.1,
     "temperature": 10.48
    },
    {
     "time": "2025-10-26T00:00:00+00:00",
     "humidity": 94.6,
     "temperature": 9.28
    },
    {
     "time": "2025-10-27T00:00:00+00:00",
     "humidity": 90.8,
     "temperature": 7.44
    },
    {
     "time": "2025-10-28T00:00:00+00:00",
     "humidity": 93.8,
     "temperature": 6.52
    },
    {
     "time": "2025-10-29T00:00:00+00:00",
     "humidity": 92.9,
     "temperature": 6.7
    },
    {
     "time": "2025-10-30T00:00:00+00:00",
     "humidity": 94.1,
     "temperature": 7.09
    },
    {
     "time": "2025-10-31T00:00:00+00:00",
     "humidity": 93.5,
     "temperature": 6.94
    },
    {
     "time": "2025-11-01T00:00:00+00:00",
     "humidity": 91.0,
     "temperature": 6.6
    },
    {
     "time": "2025-11-02T00:00:00+00:00",
     "humidity": 92.2,
     "temperature": 8.4
    },
    {
     "time": "2025-11-03T00:00:00+00:00",
     "humidity": 93.5,
     "temperature": 9.01
    },
    {
     "time": "2025-11-04T00:00:00+00:00",
     "humidity": 94.9,
     "temperature": 8.59
    },
    {
     "time": "2025-11-05T00:00:00+00:00",
     "humidity": 93.1,
     "temperature": 11.23
    },
    {
     "time": "2025-11-06T00:00:00+00:00",
     "humidity": 93.3,
     "temperature": 10.68
    },
    {
     "time": "2025-11-07T00:00:00+00:00",
     "humidity": 96.9,
     "temperature": 10.31
    },
    {
     "time": "2025-11-08T00:00:00+00:00",
     "humidity": 93.4,
     "temperature": 8.88
    },
    {
     "time": "2025-11-09T00:00:00+00:00",
     "humidity": 90.8,
     "temperature": 7.73
    },
    {
     "time": "2025-11-10T00:00:00+00:00",
     "humidity": 94.6,
     "temperature": 4.12
    },
    {
     "time": "2025-11-11T00:00:00+00:00",
     "humidity": 93.2,
     "temperature": 6.09
    },
    {
     "time": "2025-11-12T00:00:00+00:00",
     "humidity": 91.4,
     "temperature": 8.47
    },
    {
     "time": "2025-11-13T00:00:00+00:00",
     "humidity": 92.7,
     "temperature": 8.25
    },
    {
     "time": "2025-11-14T00:00:00+00:00",
     "humidity": 85.4,
     "temperature": 1.75
    },
    {
     "time": "2025-11-15T00:00:00+00:00",
     "humidity": 78.7,
     "temperature": 1.03
    },
    {
     "time": "2025-11-16T00:00:00+00:00",
     "humidity": 78.7,
     "temperature": 4.8
    },
    {
     "time": "2025-11-17T00:00:00+00:00",
     "humidity": 92.6,
     "temperature": 1.47
    },
    {
     "time": "2025-11-18T00:00:00+00:00",
     "humidity": 87.7,
     "temperature": -2.47
    },
    {
     "time": "2025-11-19T00:00:00+00:00",
     "humidity": 91.1,
     "temperature": -4.2
    },
    {
     "time": "2025-11-20T00:00:00+00:00",
     "humidity": 88.8,
     "temperature": 2.09
    },
    {
     "time": "2025-11-21T00:00:00+00:00",
     "humidity": 88.9,
     "temperature": 1.46
    },
    {
     "time": "2025-11-22T00:00:00+00:00",
     "humidity": 86.8,
     "temperature": 1.35
    },
    {
     "time": "2025-11-23T00:00:00+00:00",
     "humidity": 87.2,
     "temperature": 5.84
    },
    {
     "time": "2025-11-24T00:00:00+00:00",
     "humidity": 88.4,
     "temperature": 2.51
    },
    {
     "time": "2025-11-25T00:00:00+00:00",
     "humidity": 87.3,
     "temperature": -1.33
    },
    {
     "time": "2025-11-26T00:00:00+00:00",
     "humidity": 94.4,
     "temperature": -3.19
    },
    {
     "time": "2025-11-27T00:00:00+00:00",
     "humidity": 88.9,
     "temperature": 0.72
    },
    {
     "time": "2025-11-28T00:00:00+00:00",
     "humidity": 94.9,
     "temperature": 6.99
    },
    {
     "time": "2025-11-29T00:00:00+00:00",
     "humidity": 93.9,
     "temperature": 6.59
    },
    {
     "time": "2025-11-30T00:00:00+00:00",
     "humidity": 91.8,
     "temperature": 5.85
    },
    {
     "time": "2025-12-01T00:00:00+00:00",
     "humidity": 93.1,
     "temperature": 4.74
    },
    {
     "time": "2025-12-02T00:00:00+00:00",
     "humidity": 87.5,
     "temperature": 5.73
    },
    {
     "time": "2025-12-03T00:00:00+00:00",
     "humidity": 90.5,
     "temperature": 4.66
    },
    {
     "time": "2025-12-04T00:00:00+00:00",
     "humidity": 88.6,
     "temperature": 3.02
    },
    {
     "time": "2025-12-05T00:00:00+00:00",
     "humidity": 91.6,
     "temperature": 5.13
    },
    {
     "time": "2025-12-06T00:00:00+00:00",
     "humidity": 93.6,
     "temperature": 5.27
    },
    {
     "time": "2025-12-07T00:00:00+00:00",
     "humidity": 93.3,
     "temperature": 3.64
    },
    {
     "time": "2025-12-08T00:00:00+00:00",
     "humidity": 94.8,
     "temperature": 3.72
    },
    {
     "time": "2025-12-09T00:00:00+00:00",
     "humidity": 93.6,
     "temperature": 5.3
    },
    {
     "time": "2025-12-10T00:00:00+00:00",
     "humidity": 94.2,
     "temperature": 3.59
    },
    {
     "time": "2025-12-11T00:00:00+00:00",
     "humidity": 87.7,
     "temperature": 5.55
    },
    {
     "time": "2025-12-12T00:00:00+00:00",
     "humidity": 82.5,
     "temperature": -3.01
    },
    {
     "time": "2025-12-13T00:00:00+00:00",
     "humidity": 75.0,
     "temperature": -2.76
    },
    {
     "time": "2025-12-14T00:00:00+00:00",
     "humidity": 87.6,
     "temperature": 0.51
    },
    {
     "time": "2025-12-15T00:00:00+00:00",
     "humidity": 97.5,
     "temperature": 5.65
    },
    {
     "time": "2025-12-16T00:00:00+00:00",
     "humidity": 93.6,
     "temperature": 6.61
    },
    {
     "time": "2025-12-17T00:00:00+00:00",
     "humidity": 91.6,
     "temperature": 6.22
    },
    {
     "time": "2025-12-18T00:00:00+00:00",
     "humidity": 92.0,
     "temperature": 4.97
    },
    {
     "time": "2025-12-19T00:00:00+00:00",
     "humidity": 94.3,
     "temperature": 6.18
    },
    {
     "time": "2025-12-20T00:00:00+00:00",
     "humidity": 92.0,
     "temperature": 6.76
    },
    {
     "time": "2025-12-21T00:00:00+00:00",
     "humidity": 88.2,
     "temperature": 3.41
    },
    {
     "time": "2025-12-22T00:00:00+00:00",
     "humidity": 82.9,
     "temperature": -1.28
    },
    {
     "time": "2025-12-23T00:00:00+00:00",
     "humidity": 73.5,
     "temperature": -4.82
    },
    {
     "time": "2025-12-24T00:00:00+00:00",
     "humidity": 88.0,
     "temperature": -0.77
    },
    {
     "time": "2025-12-25T00:00:00+00:00",
     "humidity": 86.1,
     "temperature": 4.65
    },
    {
     "time": "2025-12-26T00:00:00+00:00",
     "humidity": 91.4,
     "temperature": 2.38
    },
    {
     "time": "2025-12-27T00:00:00+00:00",
     "humidity": 87.8,
     "temperature": 2.02
    },
    {
     "time": "2025-12-28T00:00:00+00:00",
     "humidity": 71.4,
     "temperature": -0.56
    },
    {
     "time": "2025-12-29T00:00:00+00:00",
     "humidity": 82.2,
     "temperature": -1.97
    },
    {
     "time": "2025-12-30T00:00:00+00:00",
     "humidity": 81.2,
     "temperature": -5.4
    },
    {
     "time": "2025-12-31T00:00:00+00:00",
     "humidity": 80.8,
     "temperature": -10.48
    },
    {
     "time": "2026-01-01T00:00:00+00:00",
     "humidity": 83.8,
     "temperature": -8.66
    },
    {
     "time": "2026-01-02T00:00:00+00:00",
     "humidity": 87.1,
     "temperature": -4.24
    },
    {
     "time": "2026-01-03T00:00:00+00:00",
     "humidity": 86.9,
     "temperature": -7.83
    },
    {
     "time": "2026-01-04T00:00:00+00:00",
     "humidity": 83.1,
     "temperature": -12.71
    },
    {
     "time": "2026-01-05T00:00:00+00:00",
     "humidity": 86.3,
     "temperature": -15.7
    },
    {
     "time": "2026-01-06T00:00:00+00:00",
     "humidity": 88.1,
     "temperature": -7.5
    },
    {
     "time": "2026-01-07T00:00:00+00:00",
     "humidity": 90.6,
     "temperature": -7.56
    },
    {
     "time": "2026-01-08T00:00:00+00:00",
     "humidity": 88.9,
     "temperature": -14.5
    },
    {
     "time": "2026-01-09T00:00:00+00:00",
     "humidity": 81.6,
     "temperature": -13.27
    },
    {
     "time": "2026-01-10T00:00:00+00:00",
     "humidity": 83.2,
     "temperature": -9.8
    },
    {
     "time": "2026-01-11T00:00:00+00:00",
     "humidity": 85.7,
     "temperature": -6.67
    },
    {
     "time": "2026-01-12T00:00:00+00:00",
     "humidity": 87.5,
     "temperature": -6.17
    },
    {
     "time": "2026-01-13T00:00:00+00:00",
     "humidity": 86.4,
     "temperature": -5.46
    },
    {
     "time": "2026-01-14T00:00:00+00:00",
     "humidity": 86.1,
     "temperature": -4.7
    },
    {
     "time": "2026-01-15T00:00:00+00:00",
     "humidity": 89.5,
     "temperature": -4.82
    },
    {
     "time": "2026-01-16T00:00:00+00:00",
     "humidity": 91.1,
     "temperature": -2.1
    },
    {
     "time": "2026-01-17T00:00:00+00:00",
     "humidity": 95.2,
     "temperature": -2.43
    },
    {
     "time": "2026-01-18T00:00:00+00:00",
     "humidity": 96.7,
     "temperature": 0.13
    },
    {
     "time": "2026-01-19T00:00:00+00:00",
     "humidity": 96.5,
     "temperature": -1.08
    },
    {
     "time": "2026-01-20T00:00:00+00:00",
     "humidity": 93.8,
     "temperature": -3.4
    },
    {
     "time": "2026-01-21T00:00:00+00:00",
     "humidity": 92.2,
     "temperature": -2.76
    },
    {
     "time": "2026-01-22T00:00:00+00:00",
     "humidity": 86.0,
     "temperature": -5.48
    },
    {
     "time": "2026-01-23T00:00:00+00:00",
     "humidity": 85.7,
     "temperature": -8.43
    },
    {
     "time": "2026-01-24T00:00:00+00:00",
     "humidity": 87.6,
     "temperature": -8.01
    },
    {
     "time": "2026-01-25T00:00:00+00:00",
     "humidity": 87.3,
     "temperature": -7.53
    },
    {
     "time": "2026-01-26T00:00:00+00:00",
     "humidity": 88.5,
     "temperature": -7.25
    },
    {
     "time": "2026-01-27T00:00:00+00:00",
     "humidity": 91.0,
     "temperature": -8.3
    },
    {
     "time": "2026-01-28T00:00:00+00:00",
     "humidity": 88.6,
     "temperature": -10.4
    },
    {
     "time": "2026-01-29T00:00:00+00:00",
     "humidity": 88.7,
     "temperature": -13.1
    },
    {
     "time": "2026-01-30T00:00:00+00:00",
     "humidity": 88.1,
     "temperature": -15.65
    },
    {
     "time": "2026-01-31T00:00:00+00:00",
     "humidity": 88.5,
     "temperature": -16.67
    },
    {
     "time": "2026-02-01T00:00:00+00:00",
     "humidity": 86.6,
     "temperature": -17.87
    },
    {
     "time": "2026-02-02T00:00:00+00:00",
     "humidity": 74.1,
     "temperature": -15.89
    },
    {
     "time": "2026-02-03T00:00:00+00:00",
     "humidity": 84.0,
     "temperature": -15.7
    }
   ]
  }
 }
}
